internal_step,post_time_s,completed_step_force_nm,post_state_recomputed_force_nm,momentum_inferred_motor_impulse_nms,post_joint_velocity_rad_s
0,0.0016666666666666668,-6.0,-1.5000000000000018,-0.01,-0.5999999999999999
1,0.0033333333333333335,-1.5000000000000018,-0.7500000000000009,-0.0012500000000000013,-0.6749999999999999
2,0.005,-0.7500000000000009,-0.375,-0.0006250000000000016,-0.7125
3,0.006666666666666667,-0.375,-0.1874999999999991,-0.0003125000000000008,-0.7312500000000001
4,0.008333333333333333,-0.1874999999999991,-0.09375,-0.00015624999999999854,-0.740625
5,0.01,-0.09375,-0.04687500000000089,-7.812499999999927e-05,-0.7453124999999999
6,0.011666666666666667,-0.04687500000000089,-0.0234375,-3.9062500000001485e-05,-0.74765625
7,0.013333333333333334,-0.0234375,-0.011718749999999112,-1.9531250000000742e-05,-0.7488281250000001
8,0.015000000000000001,-0.011718749999999112,-0.005859375,-9.765624999998521e-06,-0.7494140625
9,0.016666666666666666,-0.005859375,-0.002929687500000888,-4.882812499999261e-06,-0.7497070312499999
10,0.018333333333333333,-0.002929687500000888,-0.00146484375,-2.4414062500014807e-06,-0.749853515625
11,0.02,-0.00146484375,-0.0007324218749991118,-1.2207031250007403e-06,-0.7499267578125001
12,0.021666666666666667,-0.0007324218749991118,-0.0003662109375,-6.103515624985198e-07,-0.74996337890625
13,0.023333333333333334,-0.0003662109375,-0.00018310546875088818,-3.051757812492599e-07,-0.7499816894531249
14,0.025,-0.00018310546875088818,-9.1552734375e-05,-1.5258789062648033e-07,-0.7499908447265625
15,0.02666666666666667,-9.1552734375e-05,-4.577636718661182e-05,-7.629394531324016e-08,-0.7499954223632813
16,0.028333333333333335,-4.577636718661182e-05,-2.288818359375e-05,-3.814697265476971e-08,-0.7499977111816406
17,0.030000000000000002,-2.288818359375e-05,-1.1444091797763178e-05,-1.9073486327384856e-08,-0.7499988555908202
18,0.03166666666666667,-1.1444091797763178e-05,-5.7220458984375e-06,-9.5367431655428e-09,-0.7499994277954102
19,0.03333333333333333,-5.7220458984375e-06,-2.8610229483305716e-06,-4.7683715827714e-09,-0.7499997138977051
20,0.034999999999999996,-2.8610229483305716e-06,-1.430511474609375e-06,-2.3841857895353283e-09,-0.7499998569488525
21,0.03666666666666666,-1.430511474609375e-06,-7.152557381928659e-07,-1.1920928947676641e-09,-0.7499999284744262
22,0.03833333333333332,-7.152557381928659e-07,-3.5762786865234375e-07,-5.960464492342038e-10,-0.7499999642372132
23,0.03999999999999999,-3.5762786865234375e-07,-1.7881393343799346e-07,-2.980232246171019e-10,-0.7499999821186066
24,0.04166666666666665,-1.7881393343799346e-07,-8.940696716308594e-08,-1.4901161045817922e-10,-0.7499999910593033
25,0.043333333333333314,-8.940696716308594e-08,-4.470348446972139e-08,-7.450580522908961e-11,-0.7499999955296516
26,0.04499999999999998,-4.470348446972139e-08,-2.2351741790771484e-08,-3.725290446491651e-11,-0.7499999977648258
27,0.04666666666666664,-2.2351741790771484e-08,-1.1175870007207322e-08,-1.8626452232458256e-11,-0.749999998882413
28,0.048333333333333305,-1.1175870007207322e-08,-5.587935447692871e-09,-9.31322426585742e-12,-0.7499999994412064
29,0.04999999999999997,-5.587935447692871e-09,-2.7939686120248552e-09,-4.65661213292871e-12,-0.7499999997206032
30,0.05166666666666663,-2.7939686120248552e-09,-1.3969838619232178e-09,-2.328307916836063e-12,-0.7499999998603016
31,0.053333333333333295,-1.3969838619232178e-09,-6.984910427831892e-10,-1.1641539584180314e-12,-0.7499999999301509
32,0.05499999999999996,-6.984910427831892e-10,-3.4924596548080444e-10,-5.82075128837308e-13,-0.7499999999650754
33,0.05666666666666662,-3.4924596548080444e-10,-1.7462387091882192e-10,-2.91037564418654e-13,-0.7499999999825376
34,0.058333333333333286,-1.7462387091882192e-10,-8.731149137020111e-11,-1.455206325810347e-13,-0.7499999999912689
35,0.05999999999999995,-8.731149137020111e-11,-4.3654857506680855e-11,-7.276031629051736e-14,-0.7499999999956345
36,0.06166666666666661,-4.3654857506680855e-11,-2.1827872842550278e-11,-3.637830777355097e-14,-0.7499999999978172
37,0.06333333333333328,-2.1827872842550278e-11,-1.0914824599694839e-11,-1.8189153886775486e-14,-0.7499999999989085
38,0.06499999999999995,-1.0914824599694839e-11,-5.4569682106375694e-12,-9.096427315095451e-15,-0.7499999999994543
39,0.06666666666666661,-5.4569682106375694e-12,-2.7275959268990846e-12,-4.548213657547726e-15,-0.7499999999997272
40,0.06833333333333327,-2.7275959268990846e-12,-1.3642420526593924e-12,-2.2722564570661543e-15,-0.7499999999998636
41,0.06999999999999994,-1.3642420526593924e-12,-6.830092047493963e-13,-1.1361282285330772e-15,-0.7499999999999317
42,0.0716666666666666,-6.830092047493963e-13,-3.410605131648481e-13,-5.699144859742472e-16,-0.7499999999999659
43,0.07333333333333326,-3.410605131648481e-13,-1.6964207816272392e-13,-2.849572429871236e-16,-0.749999999999983
44,0.07499999999999993,-1.6964207816272392e-13,-8.526512829121202e-14,-1.4062824978585318e-16,-0.7499999999999915
45,0.07666666666666659,-8.526512829121202e-14,-4.3520742565306136e-14,-7.031412489292659e-17,-0.7499999999999957
46,0.07833333333333325,-4.3520742565306136e-14,-2.1316282072803006e-14,-3.700743415417189e-17,-0.7499999999999979
47,0.07999999999999992,-2.1316282072803006e-14,-9.769962616701378e-15,-1.8503717077085944e-17,-0.749999999999999
48,0.08166666666666658,-9.769962616701378e-15,-5.329070518200751e-15,-7.401486830834378e-18,-0.7499999999999994
49,0.08333333333333325,-5.329070518200751e-15,-3.552713678800501e-15,-3.700743415417189e-18,-0.7499999999999997
50,0.08499999999999991,-3.552713678800501e-15,-8.881784197001252e-16,-3.700743415417189e-18,-0.7499999999999999
51,0.08666666666666657,-8.881784197001252e-16,-8.881784197001252e-16,0.0,-0.7499999999999999
52,0.08833333333333324,-8.881784197001252e-16,-8.881784197001252e-16,0.0,-0.7499999999999999
53,0.0899999999999999,-8.881784197001252e-16,-8.881784197001252e-16,0.0,-0.7499999999999999
54,0.09166666666666656,-8.881784197001252e-16,-8.881784197001252e-16,0.0,-0.7499999999999999
55,0.09333333333333323,-8.881784197001252e-16,-8.881784197001252e-16,0.0,-0.7499999999999999
56,0.09499999999999989,-8.881784197001252e-16,-8.881784197001252e-16,0.0,-0.7499999999999999
57,0.09666666666666655,-8.881784197001252e-16,-8.881784197001252e-16,0.0,-0.7499999999999999
58,0.09833333333333322,-8.881784197001252e-16,-8.881784197001252e-16,0.0,-0.7499999999999999
59,0.09999999999999988,-8.881784197001252e-16,-8.881784197001252e-16,0.0,-0.7499999999999999
60,0.10166666666666654,-8.881784197001252e-16,-8.881784197001252e-16,0.0,-0.7499999999999999
61,0.10333333333333321,-8.881784197001252e-16,-8.881784197001252e-16,0.0,-0.7499999999999999
62,0.10499999999999987,-8.881784197001252e-16,-8.881784197001252e-16,0.0,-0.7499999999999999
63,0.10666666666666653,-8.881784197001252e-16,-8.881784197001252e-16,0.0,-0.7499999999999999
64,0.1083333333333332,-8.881784197001252e-16,-8.881784197001252e-16,0.0,-0.7499999999999999
65,0.10999999999999986,-8.881784197001252e-16,-8.881784197001252e-16,0.0,-0.7499999999999999
66,0.11166666666666653,-8.881784197001252e-16,-8.881784197001252e-16,0.0,-0.7499999999999999
67,0.11333333333333319,-8.881784197001252e-16,-8.881784197001252e-16,0.0,-0.7499999999999999
68,0.11499999999999985,-8.881784197001252e-16,-8.881784197001252e-16,0.0,-0.7499999999999999
69,0.11666666666666652,-8.881784197001252e-16,-8.881784197001252e-16,0.0,-0.7499999999999999
70,0.11833333333333318,-8.881784197001252e-16,-8.881784197001252e-16,0.0,-0.7499999999999999
71,0.11999999999999984,-8.881784197001252e-16,-8.881784197001252e-16,0.0,-0.7499999999999999
72,0.1216666666666665,-8.881784197001252e-16,-8.881784197001252e-16,0.0,-0.7499999999999999
73,0.12333333333333317,-8.881784197001252e-16,-8.881784197001252e-16,0.0,-0.7499999999999999
74,0.12499999999999983,-8.881784197001252e-16,-8.881784197001252e-16,0.0,-0.7499999999999999
75,0.1266666666666665,-8.881784197001252e-16,-8.881784197001252e-16,0.0,-0.7499999999999999
76,0.1283333333333332,-8.881784197001252e-16,-8.881784197001252e-16,0.0,-0.7499999999999999
77,0.12999999999999987,-8.881784197001252e-16,-8.881784197001252e-16,0.0,-0.7499999999999999
78,0.13166666666666654,-8.881784197001252e-16,-8.881784197001252e-16,0.0,-0.7499999999999999
79,0.13333333333333322,-8.881784197001252e-16,-8.881784197001252e-16,0.0,-0.7499999999999999
80,0.1349999999999999,-8.881784197001252e-16,-8.881784197001252e-16,0.0,-0.7499999999999999
81,0.13666666666666658,-8.881784197001252e-16,-8.881784197001252e-16,0.0,-0.7499999999999999
82,0.13833333333333325,-8.881784197001252e-16,-8.881784197001252e-16,0.0,-0.7499999999999999
83,0.13999999999999993,-8.881784197001252e-16,-8.881784197001252e-16,0.0,-0.7499999999999999
84,0.1416666666666666,-8.881784197001252e-16,-8.881784197001252e-16,0.0,-0.7499999999999999
85,0.14333333333333328,-8.881784197001252e-16,-8.881784197001252e-16,0.0,-0.7499999999999999
86,0.14499999999999996,-8.881784197001252e-16,-8.881784197001252e-16,0.0,-0.7499999999999999
87,0.14666666666666664,-8.881784197001252e-16,-8.881784197001252e-16,0.0,-0.7499999999999999
88,0.14833333333333332,-8.881784197001252e-16,-8.881784197001252e-16,0.0,-0.7499999999999999
89,0.15,-8.881784197001252e-16,-8.881784197001252e-16,0.0,-0.7499999999999999
90,0.15166666666666667,-8.881784197001252e-16,-8.881784197001252e-16,0.0,-0.7499999999999999
91,0.15333333333333335,-8.881784197001252e-16,-8.881784197001252e-16,0.0,-0.7499999999999999
92,0.15500000000000003,-8.881784197001252e-16,-8.881784197001252e-16,0.0,-0.7499999999999999
93,0.1566666666666667,-8.881784197001252e-16,-8.881784197001252e-16,0.0,-0.7499999999999999
94,0.15833333333333338,-8.881784197001252e-16,-8.881784197001252e-16,0.0,-0.7499999999999999
95,0.16000000000000006,-8.881784197001252e-16,-8.881784197001252e-16,0.0,-0.7499999999999999
96,0.16166666666666674,-8.881784197001252e-16,-8.881784197001252e-16,0.0,-0.7499999999999999
97,0.1633333333333334,-8.881784197001252e-16,-8.881784197001252e-16,0.0,-0.7499999999999999
98,0.1650000000000001,-8.881784197001252e-16,-8.881784197001252e-16,0.0,-0.7499999999999999
99,0.16666666666666677,-8.881784197001252e-16,-8.881784197001252e-16,0.0,-0.7499999999999999
100,0.16833333333333345,-8.881784197001252e-16,-8.881784197001252e-16,0.0,-0.7499999999999999
101,0.17000000000000012,-8.881784197001252e-16,-8.881784197001252e-16,0.0,-0.7499999999999999
102,0.1716666666666668,-8.881784197001252e-16,-8.881784197001252e-16,0.0,-0.7499999999999999
103,0.17333333333333348,-8.881784197001252e-16,-8.881784197001252e-16,0.0,-0.7499999999999999
104,0.17500000000000016,-8.881784197001252e-16,-8.881784197001252e-16,0.0,-0.7499999999999999
105,0.17666666666666683,-8.881784197001252e-16,-8.881784197001252e-16,0.0,-0.7499999999999999
106,0.1783333333333335,-8.881784197001252e-16,-8.881784197001252e-16,0.0,-0.7499999999999999
107,0.1800000000000002,-8.881784197001252e-16,-8.881784197001252e-16,0.0,-0.7499999999999999
108,0.18166666666666687,-8.881784197001252e-16,-8.881784197001252e-16,0.0,-0.7499999999999999
109,0.18333333333333354,-8.881784197001252e-16,-8.881784197001252e-16,0.0,-0.7499999999999999
110,0.18500000000000022,-8.881784197001252e-16,-8.881784197001252e-16,0.0,-0.7499999999999999
111,0.1866666666666669,-8.881784197001252e-16,-8.881784197001252e-16,0.0,-0.7499999999999999
112,0.18833333333333357,-8.881784197001252e-16,-8.881784197001252e-16,0.0,-0.7499999999999999
113,0.19000000000000025,-8.881784197001252e-16,-8.881784197001252e-16,0.0,-0.7499999999999999
114,0.19166666666666693,-8.881784197001252e-16,-8.881784197001252e-16,0.0,-0.7499999999999999
115,0.1933333333333336,-8.881784197001252e-16,-8.881784197001252e-16,0.0,-0.7499999999999999
116,0.19500000000000028,-8.881784197001252e-16,-8.881784197001252e-16,0.0,-0.7499999999999999
117,0.19666666666666696,-8.881784197001252e-16,-8.881784197001252e-16,0.0,-0.7499999999999999
118,0.19833333333333364,-8.881784197001252e-16,-8.881784197001252e-16,0.0,-0.7499999999999999
119,0.20000000000000032,-8.881784197001252e-16,-8.881784197001252e-16,0.0,-0.7499999999999999
120,0.201666666666667,-8.881784197001252e-16,-8.881784197001252e-16,0.0,-0.7499999999999999
121,0.20333333333333367,-8.881784197001252e-16,-8.881784197001252e-16,0.0,-0.7499999999999999
122,0.20500000000000035,-8.881784197001252e-16,-8.881784197001252e-16,0.0,-0.7499999999999999
123,0.20666666666666703,-8.881784197001252e-16,-8.881784197001252e-16,0.0,-0.7499999999999999
124,0.2083333333333337,-8.881784197001252e-16,-8.881784197001252e-16,0.0,-0.7499999999999999
125,0.21000000000000038,-8.881784197001252e-16,-8.881784197001252e-16,0.0,-0.7499999999999999
126,0.21166666666666706,-8.881784197001252e-16,-8.881784197001252e-16,0.0,-0.7499999999999999
127,0.21333333333333374,-8.881784197001252e-16,-8.881784197001252e-16,0.0,-0.7499999999999999
128,0.2150000000000004,-8.881784197001252e-16,-8.881784197001252e-16,0.0,-0.7499999999999999
129,0.2166666666666671,-8.881784197001252e-16,-8.881784197001252e-16,0.0,-0.7499999999999999
130,0.21833333333333377,-8.881784197001252e-16,-8.881784197001252e-16,0.0,-0.7499999999999999
131,0.22000000000000045,-8.881784197001252e-16,-8.881784197001252e-16,0.0,-0.7499999999999999
132,0.22166666666666712,-8.881784197001252e-16,-8.881784197001252e-16,0.0,-0.7499999999999999
133,0.2233333333333338,-8.881784197001252e-16,-8.881784197001252e-16,0.0,-0.7499999999999999
134,0.22500000000000048,-8.881784197001252e-16,-8.881784197001252e-16,0.0,-0.7499999999999999
135,0.22666666666666715,-8.881784197001252e-16,-8.881784197001252e-16,0.0,-0.7499999999999999
136,0.22833333333333383,-8.881784197001252e-16,-8.881784197001252e-16,0.0,-0.7499999999999999
137,0.2300000000000005,-8.881784197001252e-16,-8.881784197001252e-16,0.0,-0.7499999999999999
138,0.2316666666666672,-8.881784197001252e-16,-8.881784197001252e-16,0.0,-0.7499999999999999
139,0.23333333333333386,-8.881784197001252e-16,-8.881784197001252e-16,0.0,-0.7499999999999999
140,0.23500000000000054,-8.881784197001252e-16,-8.881784197001252e-16,0.0,-0.7499999999999999
141,0.23666666666666722,-8.881784197001252e-16,-8.881784197001252e-16,0.0,-0.7499999999999999
142,0.2383333333333339,-8.881784197001252e-16,-8.881784197001252e-16,0.0,-0.7499999999999999
143,0.24000000000000057,-8.881784197001252e-16,-8.881784197001252e-16,0.0,-0.7499999999999999
144,0.24166666666666725,-8.881784197001252e-16,-8.881784197001252e-16,0.0,-0.7499999999999999
145,0.24333333333333393,-8.881784197001252e-16,-8.881784197001252e-16,0.0,-0.7499999999999999
146,0.2450000000000006,-8.881784197001252e-16,-8.881784197001252e-16,0.0,-0.7499999999999999
147,0.24666666666666728,-8.881784197001252e-16,-8.881784197001252e-16,0.0,-0.7499999999999999
148,0.24833333333333396,-8.881784197001252e-16,-8.881784197001252e-16,0.0,-0.7499999999999999
149,0.2500000000000006,-8.881784197001252e-16,-8.881784197001252e-16,0.0,-0.7499999999999999
150,0.25166666666666726,-8.881784197001252e-16,-8.881784197001252e-16,0.0,-0.7499999999999999
151,0.2533333333333339,-8.881784197001252e-16,-8.881784197001252e-16,0.0,-0.7499999999999999
152,0.25500000000000056,-8.881784197001252e-16,-8.881784197001252e-16,0.0,-0.7499999999999999
153,0.2566666666666672,-8.881784197001252e-16,-8.881784197001252e-16,0.0,-0.7499999999999999
154,0.25833333333333386,-8.881784197001252e-16,-8.881784197001252e-16,0.0,-0.7499999999999999
155,0.2600000000000005,-8.881784197001252e-16,-8.881784197001252e-16,0.0,-0.7499999999999999
156,0.26166666666666716,-8.881784197001252e-16,-8.881784197001252e-16,0.0,-0.7499999999999999
157,0.2633333333333338,-8.881784197001252e-16,-8.881784197001252e-16,0.0,-0.7499999999999999
158,0.26500000000000046,-8.881784197001252e-16,-8.881784197001252e-16,0.0,-0.7499999999999999
159,0.2666666666666671,-8.881784197001252e-16,-8.881784197001252e-16,0.0,-0.7499999999999999
160,0.26833333333333376,-8.881784197001252e-16,-8.881784197001252e-16,0.0,-0.7499999999999999
161,0.2700000000000004,-8.881784197001252e-16,-8.881784197001252e-16,0.0,-0.7499999999999999
162,0.27166666666666706,-8.881784197001252e-16,-8.881784197001252e-16,0.0,-0.7499999999999999
163,0.2733333333333337,-8.881784197001252e-16,-8.881784197001252e-16,0.0,-0.7499999999999999
164,0.27500000000000036,-8.881784197001252e-16,-8.881784197001252e-16,0.0,-0.7499999999999999
165,0.276666666666667,-8.881784197001252e-16,-8.881784197001252e-16,0.0,-0.7499999999999999
166,0.27833333333333365,-8.881784197001252e-16,-8.881784197001252e-16,0.0,-0.7499999999999999
167,0.2800000000000003,-8.881784197001252e-16,-8.881784197001252e-16,0.0,-0.7499999999999999
168,0.28166666666666695,-8.881784197001252e-16,-8.881784197001252e-16,0.0,-0.7499999999999999
169,0.2833333333333336,-8.881784197001252e-16,-8.881784197001252e-16,0.0,-0.7499999999999999
170,0.28500000000000025,-8.881784197001252e-16,-8.881784197001252e-16,0.0,-0.7499999999999999
171,0.2866666666666669,-8.881784197001252e-16,-8.881784197001252e-16,0.0,-0.7499999999999999
172,0.28833333333333355,-8.881784197001252e-16,-8.881784197001252e-16,0.0,-0.7499999999999999
173,0.2900000000000002,-8.881784197001252e-16,-8.881784197001252e-16,0.0,-0.7499999999999999
174,0.29166666666666685,-8.881784197001252e-16,-8.881784197001252e-16,0.0,-0.7499999999999999
175,0.2933333333333335,-8.881784197001252e-16,-8.881784197001252e-16,0.0,-0.7499999999999999
176,0.29500000000000015,-8.881784197001252e-16,-8.881784197001252e-16,0.0,-0.7499999999999999
177,0.2966666666666668,-8.881784197001252e-16,-8.881784197001252e-16,0.0,-0.7499999999999999
178,0.29833333333333345,-8.881784197001252e-16,-8.881784197001252e-16,0.0,-0.7499999999999999
179,0.3000000000000001,-8.881784197001252e-16,-8.881784197001252e-16,0.0,-0.7499999999999999
180,0.30166666666666675,-8.881784197001252e-16,-8.881784197001252e-16,0.0,-0.7499999999999999
181,0.3033333333333334,-8.881784197001252e-16,-8.881784197001252e-16,0.0,-0.7499999999999999
182,0.30500000000000005,-8.881784197001252e-16,-8.881784197001252e-16,0.0,-0.7499999999999999
183,0.3066666666666667,-8.881784197001252e-16,-8.881784197001252e-16,0.0,-0.7499999999999999
184,0.30833333333333335,-8.881784197001252e-16,-8.881784197001252e-16,0.0,-0.7499999999999999
185,0.31,-8.881784197001252e-16,-8.881784197001252e-16,0.0,-0.7499999999999999
186,0.31166666666666665,-8.881784197001252e-16,-8.881784197001252e-16,0.0,-0.7499999999999999
187,0.3133333333333333,-8.881784197001252e-16,-8.881784197001252e-16,0.0,-0.7499999999999999
188,0.31499999999999995,-8.881784197001252e-16,-8.881784197001252e-16,0.0,-0.7499999999999999
189,0.3166666666666666,-8.881784197001252e-16,-8.881784197001252e-16,0.0,-0.7499999999999999
190,0.31833333333333325,-8.881784197001252e-16,-8.881784197001252e-16,0.0,-0.7499999999999999
191,0.3199999999999999,-8.881784197001252e-16,-8.881784197001252e-16,0.0,-0.7499999999999999
192,0.32166666666666655,-8.881784197001252e-16,-8.881784197001252e-16,0.0,-0.7499999999999999
193,0.3233333333333332,-8.881784197001252e-16,-8.881784197001252e-16,0.0,-0.7499999999999999
194,0.32499999999999984,-8.881784197001252e-16,-8.881784197001252e-16,0.0,-0.7499999999999999
195,0.3266666666666665,-8.881784197001252e-16,-8.881784197001252e-16,0.0,-0.7499999999999999
196,0.32833333333333314,-8.881784197001252e-16,-8.881784197001252e-16,0.0,-0.7499999999999999
197,0.3299999999999998,-8.881784197001252e-16,-8.881784197001252e-16,0.0,-0.7499999999999999
198,0.33166666666666644,-8.881784197001252e-16,-8.881784197001252e-16,0.0,-0.7499999999999999
199,0.3333333333333331,-8.881784197001252e-16,-8.881784197001252e-16,0.0,-0.7499999999999999
200,0.33499999999999974,-8.881784197001252e-16,-8.881784197001252e-16,0.0,-0.7499999999999999
201,0.3366666666666664,-8.881784197001252e-16,-8.881784197001252e-16,0.0,-0.7499999999999999
202,0.33833333333333304,-8.881784197001252e-16,-8.881784197001252e-16,0.0,-0.7499999999999999
203,0.3399999999999997,-8.881784197001252e-16,-8.881784197001252e-16,0.0,-0.7499999999999999
204,0.34166666666666634,-8.881784197001252e-16,-8.881784197001252e-16,0.0,-0.7499999999999999
205,0.343333333333333,-8.881784197001252e-16,-8.881784197001252e-16,0.0,-0.7499999999999999
206,0.34499999999999964,-8.881784197001252e-16,-8.881784197001252e-16,0.0,-0.7499999999999999
207,0.3466666666666663,-8.881784197001252e-16,-8.881784197001252e-16,0.0,-0.7499999999999999
208,0.34833333333333294,-8.881784197001252e-16,-8.881784197001252e-16,0.0,-0.7499999999999999
209,0.3499999999999996,-8.881784197001252e-16,-8.881784197001252e-16,0.0,-0.7499999999999999
210,0.35166666666666624,-8.881784197001252e-16,-8.881784197001252e-16,0.0,-0.7499999999999999
211,0.3533333333333329,-8.881784197001252e-16,-8.881784197001252e-16,0.0,-0.7499999999999999
212,0.35499999999999954,-8.881784197001252e-16,-8.881784197001252e-16,0.0,-0.7499999999999999
213,0.3566666666666662,-8.881784197001252e-16,-8.881784197001252e-16,0.0,-0.7499999999999999
214,0.35833333333333284,-8.881784197001252e-16,-8.881784197001252e-16,0.0,-0.7499999999999999
215,0.3599999999999995,-8.881784197001252e-16,-8.881784197001252e-16,0.0,-0.7499999999999999
216,0.36166666666666614,-8.881784197001252e-16,-8.881784197001252e-16,0.0,-0.7499999999999999
217,0.3633333333333328,-8.881784197001252e-16,-8.881784197001252e-16,0.0,-0.7499999999999999
218,0.36499999999999944,-8.881784197001252e-16,-8.881784197001252e-16,0.0,-0.7499999999999999
219,0.3666666666666661,-8.881784197001252e-16,-8.881784197001252e-16,0.0,-0.7499999999999999
220,0.36833333333333274,-8.881784197001252e-16,-8.881784197001252e-16,0.0,-0.7499999999999999
221,0.3699999999999994,-8.881784197001252e-16,-8.881784197001252e-16,0.0,-0.7499999999999999
222,0.37166666666666603,-8.881784197001252e-16,-8.881784197001252e-16,0.0,-0.7499999999999999
223,0.3733333333333327,-8.881784197001252e-16,-8.881784197001252e-16,0.0,-0.7499999999999999
224,0.37499999999999933,-8.881784197001252e-16,-8.881784197001252e-16,0.0,-0.7499999999999999
225,0.376666666666666,-8.881784197001252e-16,-8.881784197001252e-16,0.0,-0.7499999999999999
226,0.37833333333333263,-8.881784197001252e-16,-8.881784197001252e-16,0.0,-0.7499999999999999
227,0.3799999999999993,-8.881784197001252e-16,-8.881784197001252e-16,0.0,-0.7499999999999999
228,0.38166666666666593,-8.881784197001252e-16,-8.881784197001252e-16,0.0,-0.7499999999999999
229,0.3833333333333326,-8.881784197001252e-16,-8.881784197001252e-16,0.0,-0.7499999999999999
230,0.38499999999999923,-8.881784197001252e-16,-8.881784197001252e-16,0.0,-0.7499999999999999
231,0.3866666666666659,-8.881784197001252e-16,-8.881784197001252e-16,0.0,-0.7499999999999999
232,0.38833333333333253,-8.881784197001252e-16,-8.881784197001252e-16,0.0,-0.7499999999999999
233,0.3899999999999992,-8.881784197001252e-16,-8.881784197001252e-16,0.0,-0.7499999999999999
234,0.39166666666666583,-8.881784197001252e-16,-8.881784197001252e-16,0.0,-0.7499999999999999
235,0.3933333333333325,-8.881784197001252e-16,-8.881784197001252e-16,0.0,-0.7499999999999999
236,0.39499999999999913,-8.881784197001252e-16,-8.881784197001252e-16,0.0,-0.7499999999999999
237,0.3966666666666658,-8.881784197001252e-16,-8.881784197001252e-16,0.0,-0.7499999999999999
238,0.39833333333333243,-8.881784197001252e-16,-8.881784197001252e-16,0.0,-0.7499999999999999
239,0.3999999999999991,-8.881784197001252e-16,-8.881784197001252e-16,0.0,-0.7499999999999999
240,0.40166666666666573,-8.881784197001252e-16,-8.881784197001252e-16,0.0,-0.7499999999999999
241,0.4033333333333324,-8.881784197001252e-16,-8.881784197001252e-16,0.0,-0.7499999999999999
242,0.404999999999999,-8.881784197001252e-16,-8.881784197001252e-16,0.0,-0.7499999999999999
243,0.4066666666666657,-8.881784197001252e-16,-8.881784197001252e-16,0.0,-0.7499999999999999
244,0.4083333333333323,-8.881784197001252e-16,-8.881784197001252e-16,0.0,-0.7499999999999999
245,0.409999999999999,-8.881784197001252e-16,-8.881784197001252e-16,0.0,-0.7499999999999999
246,0.4116666666666656,-8.881784197001252e-16,-8.881784197001252e-16,0.0,-0.7499999999999999
247,0.4133333333333323,-8.881784197001252e-16,-8.881784197001252e-16,0.0,-0.7499999999999999
248,0.4149999999999989,-8.881784197001252e-16,-8.881784197001252e-16,0.0,-0.7499999999999999
249,0.4166666666666656,-8.881784197001252e-16,-8.881784197001252e-16,0.0,-0.7499999999999999
250,0.4183333333333322,-8.881784197001252e-16,-8.881784197001252e-16,0.0,-0.7499999999999999
251,0.4199999999999989,-8.881784197001252e-16,-8.881784197001252e-16,0.0,-0.7499999999999999
252,0.4216666666666655,-8.881784197001252e-16,-8.881784197001252e-16,0.0,-0.7499999999999999
253,0.4233333333333322,-8.881784197001252e-16,-8.881784197001252e-16,0.0,-0.7499999999999999
254,0.4249999999999988,-8.881784197001252e-16,-8.881784197001252e-16,0.0,-0.7499999999999999
255,0.4266666666666655,-8.881784197001252e-16,-8.881784197001252e-16,0.0,-0.7499999999999999
256,0.4283333333333321,-8.881784197001252e-16,-8.881784197001252e-16,0.0,-0.7499999999999999
257,0.42999999999999877,-8.881784197001252e-16,-8.881784197001252e-16,0.0,-0.7499999999999999
258,0.4316666666666654,-8.881784197001252e-16,-8.881784197001252e-16,0.0,-0.7499999999999999
259,0.43333333333333207,-8.881784197001252e-16,-8.881784197001252e-16,0.0,-0.7499999999999999
260,0.4349999999999987,-8.881784197001252e-16,-8.881784197001252e-16,0.0,-0.7499999999999999
261,0.43666666666666537,-8.881784197001252e-16,-8.881784197001252e-16,0.0,-0.7499999999999999
262,0.438333333333332,-8.881784197001252e-16,-8.881784197001252e-16,0.0,-0.7499999999999999
263,0.43999999999999867,-8.881784197001252e-16,-8.881784197001252e-16,0.0,-0.7499999999999999
264,0.4416666666666653,-8.881784197001252e-16,-8.881784197001252e-16,0.0,-0.7499999999999999
265,0.44333333333333197,-8.881784197001252e-16,-8.881784197001252e-16,0.0,-0.7499999999999999
266,0.4449999999999986,-8.881784197001252e-16,-8.881784197001252e-16,0.0,-0.7499999999999999
267,0.44666666666666527,-8.881784197001252e-16,-8.881784197001252e-16,0.0,-0.7499999999999999
268,0.4483333333333319,-8.881784197001252e-16,-8.881784197001252e-16,0.0,-0.7499999999999999
269,0.44999999999999857,-8.881784197001252e-16,-8.881784197001252e-16,0.0,-0.7499999999999999
270,0.4516666666666652,-8.881784197001252e-16,-8.881784197001252e-16,0.0,-0.7499999999999999
271,0.45333333333333187,-8.881784197001252e-16,-8.881784197001252e-16,0.0,-0.7499999999999999
272,0.4549999999999985,-8.881784197001252e-16,-8.881784197001252e-16,0.0,-0.7499999999999999
273,0.45666666666666517,-8.881784197001252e-16,-8.881784197001252e-16,0.0,-0.7499999999999999
274,0.4583333333333318,-8.881784197001252e-16,-8.881784197001252e-16,0.0,-0.7499999999999999
275,0.45999999999999847,-8.881784197001252e-16,-8.881784197001252e-16,0.0,-0.7499999999999999
276,0.4616666666666651,-8.881784197001252e-16,-8.881784197001252e-16,0.0,-0.7499999999999999
277,0.46333333333333176,-8.881784197001252e-16,-8.881784197001252e-16,0.0,-0.7499999999999999
278,0.4649999999999984,-8.881784197001252e-16,-8.881784197001252e-16,0.0,-0.7499999999999999
279,0.46666666666666506,-8.881784197001252e-16,-8.881784197001252e-16,0.0,-0.7499999999999999
280,0.4683333333333317,-8.881784197001252e-16,-8.881784197001252e-16,0.0,-0.7499999999999999
281,0.46999999999999836,-8.881784197001252e-16,-8.881784197001252e-16,0.0,-0.7499999999999999
282,0.471666666666665,-8.881784197001252e-16,-8.881784197001252e-16,0.0,-0.7499999999999999
283,0.47333333333333166,-8.881784197001252e-16,-8.881784197001252e-16,0.0,-0.7499999999999999
284,0.4749999999999983,-8.881784197001252e-16,-8.881784197001252e-16,0.0,-0.7499999999999999
285,0.47666666666666496,-8.881784197001252e-16,-8.881784197001252e-16,0.0,-0.7499999999999999
286,0.4783333333333316,-8.881784197001252e-16,-8.881784197001252e-16,0.0,-0.7499999999999999
287,0.47999999999999826,-8.881784197001252e-16,-8.881784197001252e-16,0.0,-0.7499999999999999
288,0.4816666666666649,-8.881784197001252e-16,-8.881784197001252e-16,0.0,-0.7499999999999999
289,0.48333333333333156,-8.881784197001252e-16,-8.881784197001252e-16,0.0,-0.7499999999999999
290,0.4849999999999982,-8.881784197001252e-16,-8.881784197001252e-16,0.0,-0.7499999999999999
291,0.48666666666666486,-8.881784197001252e-16,-8.881784197001252e-16,0.0,-0.7499999999999999
292,0.4883333333333315,-8.881784197001252e-16,-8.881784197001252e-16,0.0,-0.7499999999999999
293,0.48999999999999816,-8.881784197001252e-16,-8.881784197001252e-16,0.0,-0.7499999999999999
294,0.4916666666666648,-8.881784197001252e-16,-8.881784197001252e-16,0.0,-0.7499999999999999
295,0.49333333333333146,-8.881784197001252e-16,-8.881784197001252e-16,0.0,-0.7499999999999999
296,0.4949999999999981,-8.881784197001252e-16,-8.881784197001252e-16,0.0,-0.7499999999999999
297,0.49666666666666476,-8.881784197001252e-16,-8.881784197001252e-16,0.0,-0.7499999999999999
298,0.4983333333333314,-8.881784197001252e-16,-8.881784197001252e-16,0.0,-0.7499999999999999
299,0.49999999999999806,-8.881784197001252e-16,-8.881784197001252e-16,0.0,-0.7499999999999999
300,0.5016666666666647,-8.881784197001252e-16,-8.881784197001252e-16,0.0,-0.7499999999999999
301,0.5033333333333314,-8.881784197001252e-16,-8.881784197001252e-16,0.0,-0.7499999999999999
302,0.5049999999999981,-8.881784197001252e-16,-8.881784197001252e-16,0.0,-0.7499999999999999
303,0.5066666666666648,-8.881784197001252e-16,-8.881784197001252e-16,0.0,-0.7499999999999999
304,0.5083333333333315,-8.881784197001252e-16,-8.881784197001252e-16,0.0,-0.7499999999999999
305,0.5099999999999982,-8.881784197001252e-16,-8.881784197001252e-16,0.0,-0.7499999999999999
306,0.5116666666666649,-8.881784197001252e-16,-8.881784197001252e-16,0.0,-0.7499999999999999
307,0.5133333333333316,-8.881784197001252e-16,-8.881784197001252e-16,0.0,-0.7499999999999999
308,0.5149999999999983,-8.881784197001252e-16,-8.881784197001252e-16,0.0,-0.7499999999999999
309,0.516666666666665,-8.881784197001252e-16,-8.881784197001252e-16,0.0,-0.7499999999999999
310,0.5183333333333318,-8.881784197001252e-16,-8.881784197001252e-16,0.0,-0.7499999999999999
311,0.5199999999999985,-8.881784197001252e-16,-8.881784197001252e-16,0.0,-0.7499999999999999
312,0.5216666666666652,-8.881784197001252e-16,-8.881784197001252e-16,0.0,-0.7499999999999999
313,0.5233333333333319,-8.881784197001252e-16,-8.881784197001252e-16,0.0,-0.7499999999999999
314,0.5249999999999986,-8.881784197001252e-16,-8.881784197001252e-16,0.0,-0.7499999999999999
315,0.5266666666666653,-8.881784197001252e-16,-8.881784197001252e-16,0.0,-0.7499999999999999
316,0.528333333333332,-8.881784197001252e-16,-8.881784197001252e-16,0.0,-0.7499999999999999
317,0.5299999999999987,-8.881784197001252e-16,-8.881784197001252e-16,0.0,-0.7499999999999999
318,0.5316666666666654,-8.881784197001252e-16,-8.881784197001252e-16,0.0,-0.7499999999999999
319,0.5333333333333321,-8.881784197001252e-16,-8.881784197001252e-16,0.0,-0.7499999999999999
320,0.5349999999999988,-8.881784197001252e-16,-8.881784197001252e-16,0.0,-0.7499999999999999
321,0.5366666666666655,-8.881784197001252e-16,-8.881784197001252e-16,0.0,-0.7499999999999999
322,0.5383333333333322,-8.881784197001252e-16,-8.881784197001252e-16,0.0,-0.7499999999999999
323,0.5399999999999989,-8.881784197001252e-16,-8.881784197001252e-16,0.0,-0.7499999999999999
324,0.5416666666666656,-8.881784197001252e-16,-8.881784197001252e-16,0.0,-0.7499999999999999
325,0.5433333333333323,-8.881784197001252e-16,-8.881784197001252e-16,0.0,-0.7499999999999999
326,0.544999999999999,-8.881784197001252e-16,-8.881784197001252e-16,0.0,-0.7499999999999999
327,0.5466666666666657,-8.881784197001252e-16,-8.881784197001252e-16,0.0,-0.7499999999999999
328,0.5483333333333325,-8.881784197001252e-16,-8.881784197001252e-16,0.0,-0.7499999999999999
329,0.5499999999999992,-8.881784197001252e-16,-8.881784197001252e-16,0.0,-0.7499999999999999
330,0.5516666666666659,-8.881784197001252e-16,-8.881784197001252e-16,0.0,-0.7499999999999999
331,0.5533333333333326,-8.881784197001252e-16,-8.881784197001252e-16,0.0,-0.7499999999999999
332,0.5549999999999993,-8.881784197001252e-16,-8.881784197001252e-16,0.0,-0.7499999999999999
333,0.556666666666666,-8.881784197001252e-16,-8.881784197001252e-16,0.0,-0.7499999999999999
334,0.5583333333333327,-8.881784197001252e-16,-8.881784197001252e-16,0.0,-0.7499999999999999
335,0.5599999999999994,-8.881784197001252e-16,-8.881784197001252e-16,0.0,-0.7499999999999999
336,0.5616666666666661,-8.881784197001252e-16,-8.881784197001252e-16,0.0,-0.7499999999999999
337,0.5633333333333328,-8.881784197001252e-16,-8.881784197001252e-16,0.0,-0.7499999999999999
338,0.5649999999999995,-8.881784197001252e-16,-8.881784197001252e-16,0.0,-0.7499999999999999
339,0.5666666666666662,-8.881784197001252e-16,-8.881784197001252e-16,0.0,-0.7499999999999999
340,0.5683333333333329,-8.881784197001252e-16,-8.881784197001252e-16,0.0,-0.7499999999999999
341,0.5699999999999996,-8.881784197001252e-16,-8.881784197001252e-16,0.0,-0.7499999999999999
342,0.5716666666666663,-8.881784197001252e-16,-8.881784197001252e-16,0.0,-0.7499999999999999
343,0.573333333333333,-8.881784197001252e-16,-8.881784197001252e-16,0.0,-0.7499999999999999
344,0.5749999999999997,-8.881784197001252e-16,-8.881784197001252e-16,0.0,-0.7499999999999999
345,0.5766666666666664,-8.881784197001252e-16,-8.881784197001252e-16,0.0,-0.7499999999999999
346,0.5783333333333331,-8.881784197001252e-16,-8.881784197001252e-16,0.0,-0.7499999999999999
347,0.5799999999999998,-8.881784197001252e-16,-8.881784197001252e-16,0.0,-0.7499999999999999
348,0.5816666666666666,-8.881784197001252e-16,-8.881784197001252e-16,0.0,-0.7499999999999999
349,0.5833333333333333,-8.881784197001252e-16,-8.881784197001252e-16,0.0,-0.7499999999999999
350,0.585,-8.881784197001252e-16,-8.881784197001252e-16,0.0,-0.7499999999999999
351,0.5866666666666667,-8.881784197001252e-16,-8.881784197001252e-16,0.0,-0.7499999999999999
352,0.5883333333333334,-8.881784197001252e-16,-8.881784197001252e-16,0.0,-0.7499999999999999
353,0.5900000000000001,-8.881784197001252e-16,-8.881784197001252e-16,0.0,-0.7499999999999999
354,0.5916666666666668,-8.881784197001252e-16,-8.881784197001252e-16,0.0,-0.7499999999999999
355,0.5933333333333335,-8.881784197001252e-16,-8.881784197001252e-16,0.0,-0.7499999999999999
356,0.5950000000000002,-8.881784197001252e-16,-8.881784197001252e-16,0.0,-0.7499999999999999
357,0.5966666666666669,-8.881784197001252e-16,-8.881784197001252e-16,0.0,-0.7499999999999999
358,0.5983333333333336,-8.881784197001252e-16,-8.881784197001252e-16,0.0,-0.7499999999999999
359,0.6000000000000003,-8.881784197001252e-16,-8.881784197001252e-16,0.0,-0.7499999999999999
360,0.601666666666667,-8.881784197001252e-16,-8.881784197001252e-16,0.0,-0.7499999999999999
361,0.6033333333333337,-8.881784197001252e-16,-8.881784197001252e-16,0.0,-0.7499999999999999
362,0.6050000000000004,-8.881784197001252e-16,-8.881784197001252e-16,0.0,-0.7499999999999999
363,0.6066666666666671,-8.881784197001252e-16,-8.881784197001252e-16,0.0,-0.7499999999999999
364,0.6083333333333338,-8.881784197001252e-16,-8.881784197001252e-16,0.0,-0.7499999999999999
365,0.6100000000000005,-8.881784197001252e-16,-8.881784197001252e-16,0.0,-0.7499999999999999
366,0.6116666666666672,-8.881784197001252e-16,-8.881784197001252e-16,0.0,-0.7499999999999999
367,0.613333333333334,-8.881784197001252e-16,-8.881784197001252e-16,0.0,-0.7499999999999999
368,0.6150000000000007,-8.881784197001252e-16,-8.881784197001252e-16,0.0,-0.7499999999999999
369,0.6166666666666674,-8.881784197001252e-16,-8.881784197001252e-16,0.0,-0.7499999999999999
370,0.6183333333333341,-8.881784197001252e-16,-8.881784197001252e-16,0.0,-0.7499999999999999
371,0.6200000000000008,-8.881784197001252e-16,-8.881784197001252e-16,0.0,-0.7499999999999999
372,0.6216666666666675,-8.881784197001252e-16,-8.881784197001252e-16,0.0,-0.7499999999999999
373,0.6233333333333342,-8.881784197001252e-16,-8.881784197001252e-16,0.0,-0.7499999999999999
374,0.6250000000000009,-8.881784197001252e-16,-8.881784197001252e-16,0.0,-0.7499999999999999
375,0.6266666666666676,-8.881784197001252e-16,-8.881784197001252e-16,0.0,-0.7499999999999999
376,0.6283333333333343,-8.881784197001252e-16,-8.881784197001252e-16,0.0,-0.7499999999999999
377,0.630000000000001,-8.881784197001252e-16,-8.881784197001252e-16,0.0,-0.7499999999999999
378,0.6316666666666677,-8.881784197001252e-16,-8.881784197001252e-16,0.0,-0.7499999999999999
379,0.6333333333333344,-8.881784197001252e-16,-8.881784197001252e-16,0.0,-0.7499999999999999
380,0.6350000000000011,-8.881784197001252e-16,-8.881784197001252e-16,0.0,-0.7499999999999999
381,0.6366666666666678,-8.881784197001252e-16,-8.881784197001252e-16,0.0,-0.7499999999999999
382,0.6383333333333345,-8.881784197001252e-16,-8.881784197001252e-16,0.0,-0.7499999999999999
383,0.6400000000000012,-8.881784197001252e-16,-8.881784197001252e-16,0.0,-0.7499999999999999
384,0.6416666666666679,-8.881784197001252e-16,-8.881784197001252e-16,0.0,-0.7499999999999999
385,0.6433333333333346,-8.881784197001252e-16,-8.881784197001252e-16,0.0,-0.7499999999999999
386,0.6450000000000014,-8.881784197001252e-16,-8.881784197001252e-16,0.0,-0.7499999999999999
387,0.646666666666668,-8.881784197001252e-16,-8.881784197001252e-16,0.0,-0.7499999999999999
388,0.6483333333333348,-8.881784197001252e-16,-8.881784197001252e-16,0.0,-0.7499999999999999
389,0.6500000000000015,-8.881784197001252e-16,-8.881784197001252e-16,0.0,-0.7499999999999999
390,0.6516666666666682,-8.881784197001252e-16,-8.881784197001252e-16,0.0,-0.7499999999999999
391,0.6533333333333349,-8.881784197001252e-16,-8.881784197001252e-16,0.0,-0.7499999999999999
392,0.6550000000000016,-8.881784197001252e-16,-8.881784197001252e-16,0.0,-0.7499999999999999
393,0.6566666666666683,-8.881784197001252e-16,-8.881784197001252e-16,0.0,-0.7499999999999999
394,0.658333333333335,-8.881784197001252e-16,-8.881784197001252e-16,0.0,-0.7499999999999999
395,0.6600000000000017,-8.881784197001252e-16,-8.881784197001252e-16,0.0,-0.7499999999999999
396,0.6616666666666684,-8.881784197001252e-16,-8.881784197001252e-16,0.0,-0.7499999999999999
397,0.6633333333333351,-8.881784197001252e-16,-8.881784197001252e-16,0.0,-0.7499999999999999
398,0.6650000000000018,-8.881784197001252e-16,-8.881784197001252e-16,0.0,-0.7499999999999999
399,0.6666666666666685,-8.881784197001252e-16,-8.881784197001252e-16,0.0,-0.7499999999999999
400,0.6683333333333352,-8.881784197001252e-16,-8.881784197001252e-16,0.0,-0.7499999999999999
401,0.6700000000000019,-8.881784197001252e-16,-8.881784197001252e-16,0.0,-0.7499999999999999
402,0.6716666666666686,-8.881784197001252e-16,-8.881784197001252e-16,0.0,-0.7499999999999999
403,0.6733333333333353,-8.881784197001252e-16,-8.881784197001252e-16,0.0,-0.7499999999999999
404,0.675000000000002,-8.881784197001252e-16,-8.881784197001252e-16,0.0,-0.7499999999999999
405,0.6766666666666687,-8.881784197001252e-16,-8.881784197001252e-16,0.0,-0.7499999999999999
406,0.6783333333333355,-8.881784197001252e-16,-8.881784197001252e-16,0.0,-0.7499999999999999
407,0.6800000000000022,-8.881784197001252e-16,-8.881784197001252e-16,0.0,-0.7499999999999999
408,0.6816666666666689,-8.881784197001252e-16,-8.881784197001252e-16,0.0,-0.7499999999999999
409,0.6833333333333356,-8.881784197001252e-16,-8.881784197001252e-16,0.0,-0.7499999999999999
410,0.6850000000000023,-8.881784197001252e-16,-8.881784197001252e-16,0.0,-0.7499999999999999
411,0.686666666666669,-8.881784197001252e-16,-8.881784197001252e-16,0.0,-0.7499999999999999
412,0.6883333333333357,-8.881784197001252e-16,-8.881784197001252e-16,0.0,-0.7499999999999999
413,0.6900000000000024,-8.881784197001252e-16,-8.881784197001252e-16,0.0,-0.7499999999999999
414,0.6916666666666691,-8.881784197001252e-16,-8.881784197001252e-16,0.0,-0.7499999999999999
415,0.6933333333333358,-8.881784197001252e-16,-8.881784197001252e-16,0.0,-0.7499999999999999
416,0.6950000000000025,-8.881784197001252e-16,-8.881784197001252e-16,0.0,-0.7499999999999999
417,0.6966666666666692,-8.881784197001252e-16,-8.881784197001252e-16,0.0,-0.7499999999999999
418,0.6983333333333359,-8.881784197001252e-16,-8.881784197001252e-16,0.0,-0.7499999999999999
419,0.7000000000000026,-8.881784197001252e-16,-8.881784197001252e-16,0.0,-0.7499999999999999
420,0.7016666666666693,-8.881784197001252e-16,-8.881784197001252e-16,0.0,-0.7499999999999999
421,0.703333333333336,-8.881784197001252e-16,-8.881784197001252e-16,0.0,-0.7499999999999999
422,0.7050000000000027,-8.881784197001252e-16,-8.881784197001252e-16,0.0,-0.7499999999999999
423,0.7066666666666694,-8.881784197001252e-16,-8.881784197001252e-16,0.0,-0.7499999999999999
424,0.7083333333333361,-8.881784197001252e-16,-8.881784197001252e-16,0.0,-0.7499999999999999
425,0.7100000000000029,-8.881784197001252e-16,-8.881784197001252e-16,0.0,-0.7499999999999999
426,0.7116666666666696,-8.881784197001252e-16,-8.881784197001252e-16,0.0,-0.7499999999999999
427,0.7133333333333363,-8.881784197001252e-16,-8.881784197001252e-16,0.0,-0.7499999999999999
428,0.715000000000003,-8.881784197001252e-16,-8.881784197001252e-16,0.0,-0.7499999999999999
429,0.7166666666666697,-8.881784197001252e-16,-8.881784197001252e-16,0.0,-0.7499999999999999
430,0.7183333333333364,-8.881784197001252e-16,-8.881784197001252e-16,0.0,-0.7499999999999999
431,0.7200000000000031,-8.881784197001252e-16,-8.881784197001252e-16,0.0,-0.7499999999999999
432,0.7216666666666698,-8.881784197001252e-16,-8.881784197001252e-16,0.0,-0.7499999999999999
433,0.7233333333333365,-8.881784197001252e-16,-8.881784197001252e-16,0.0,-0.7499999999999999
434,0.7250000000000032,-8.881784197001252e-16,-8.881784197001252e-16,0.0,-0.7499999999999999
435,0.7266666666666699,-8.881784197001252e-16,-8.881784197001252e-16,0.0,-0.7499999999999999
436,0.7283333333333366,-8.881784197001252e-16,-8.881784197001252e-16,0.0,-0.7499999999999999
437,0.7300000000000033,-8.881784197001252e-16,-8.881784197001252e-16,0.0,-0.7499999999999999
438,0.73166666666667,-8.881784197001252e-16,-8.881784197001252e-16,0.0,-0.7499999999999999
439,0.7333333333333367,-8.881784197001252e-16,-8.881784197001252e-16,0.0,-0.7499999999999999
440,0.7350000000000034,-8.881784197001252e-16,-8.881784197001252e-16,0.0,-0.7499999999999999
441,0.7366666666666701,-8.881784197001252e-16,-8.881784197001252e-16,0.0,-0.7499999999999999
442,0.7383333333333368,-8.881784197001252e-16,-8.881784197001252e-16,0.0,-0.7499999999999999
443,0.7400000000000035,-8.881784197001252e-16,-8.881784197001252e-16,0.0,-0.7499999999999999
444,0.7416666666666702,-8.881784197001252e-16,-8.881784197001252e-16,0.0,-0.7499999999999999
445,0.743333333333337,-8.881784197001252e-16,-8.881784197001252e-16,0.0,-0.7499999999999999
446,0.7450000000000037,-8.881784197001252e-16,-8.881784197001252e-16,0.0,-0.7499999999999999
447,0.7466666666666704,-8.881784197001252e-16,-8.881784197001252e-16,0.0,-0.7499999999999999
448,0.7483333333333371,-8.881784197001252e-16,-8.881784197001252e-16,0.0,-0.7499999999999999
449,0.7500000000000038,-8.881784197001252e-16,-8.881784197001252e-16,0.0,-0.7499999999999999
450,0.7516666666666705,-8.881784197001252e-16,-8.881784197001252e-16,0.0,-0.7499999999999999
451,0.7533333333333372,-8.881784197001252e-16,-8.881784197001252e-16,0.0,-0.7499999999999999
452,0.7550000000000039,-8.881784197001252e-16,-8.881784197001252e-16,0.0,-0.7499999999999999
453,0.7566666666666706,-8.881784197001252e-16,-8.881784197001252e-16,0.0,-0.7499999999999999
454,0.7583333333333373,-8.881784197001252e-16,-8.881784197001252e-16,0.0,-0.7499999999999999
455,0.760000000000004,-8.881784197001252e-16,-8.881784197001252e-16,0.0,-0.7499999999999999
456,0.7616666666666707,-8.881784197001252e-16,-8.881784197001252e-16,0.0,-0.7499999999999999
457,0.7633333333333374,-8.881784197001252e-16,-8.881784197001252e-16,0.0,-0.7499999999999999
458,0.7650000000000041,-8.881784197001252e-16,-8.881784197001252e-16,0.0,-0.7499999999999999
459,0.7666666666666708,-8.881784197001252e-16,-8.881784197001252e-16,0.0,-0.7499999999999999
460,0.7683333333333375,-8.881784197001252e-16,-8.881784197001252e-16,0.0,-0.7499999999999999
461,0.7700000000000042,-8.881784197001252e-16,-8.881784197001252e-16,0.0,-0.7499999999999999
462,0.7716666666666709,-8.881784197001252e-16,-8.881784197001252e-16,0.0,-0.7499999999999999
463,0.7733333333333376,-8.881784197001252e-16,-8.881784197001252e-16,0.0,-0.7499999999999999
464,0.7750000000000044,-8.881784197001252e-16,-8.881784197001252e-16,0.0,-0.7499999999999999
465,0.7766666666666711,-8.881784197001252e-16,-8.881784197001252e-16,0.0,-0.7499999999999999
466,0.7783333333333378,-8.881784197001252e-16,-8.881784197001252e-16,0.0,-0.7499999999999999
467,0.7800000000000045,-8.881784197001252e-16,-8.881784197001252e-16,0.0,-0.7499999999999999
468,0.7816666666666712,-8.881784197001252e-16,-8.881784197001252e-16,0.0,-0.7499999999999999
469,0.7833333333333379,-8.881784197001252e-16,-8.881784197001252e-16,0.0,-0.7499999999999999
470,0.7850000000000046,-8.881784197001252e-16,-8.881784197001252e-16,0.0,-0.7499999999999999
471,0.7866666666666713,-8.881784197001252e-16,-8.881784197001252e-16,0.0,-0.7499999999999999
472,0.788333333333338,-8.881784197001252e-16,-8.881784197001252e-16,0.0,-0.7499999999999999
473,0.7900000000000047,-8.881784197001252e-16,-8.881784197001252e-16,0.0,-0.7499999999999999
474,0.7916666666666714,-8.881784197001252e-16,-8.881784197001252e-16,0.0,-0.7499999999999999
475,0.7933333333333381,-8.881784197001252e-16,-8.881784197001252e-16,0.0,-0.7499999999999999
476,0.7950000000000048,-8.881784197001252e-16,-8.881784197001252e-16,0.0,-0.7499999999999999
477,0.7966666666666715,-8.881784197001252e-16,-8.881784197001252e-16,0.0,-0.7499999999999999
478,0.7983333333333382,-8.881784197001252e-16,-8.881784197001252e-16,0.0,-0.7499999999999999
479,0.8000000000000049,-8.881784197001252e-16,-8.881784197001252e-16,0.0,-0.7499999999999999
480,0.8016666666666716,-8.881784197001252e-16,-8.881784197001252e-16,0.0,-0.7499999999999999
481,0.8033333333333383,-8.881784197001252e-16,-8.881784197001252e-16,0.0,-0.7499999999999999
482,0.805000000000005,-8.881784197001252e-16,-8.881784197001252e-16,0.0,-0.7499999999999999
483,0.8066666666666718,-8.881784197001252e-16,-8.881784197001252e-16,0.0,-0.7499999999999999
484,0.8083333333333385,-8.881784197001252e-16,-8.881784197001252e-16,0.0,-0.7499999999999999
485,0.8100000000000052,-8.881784197001252e-16,-8.881784197001252e-16,0.0,-0.7499999999999999
486,0.8116666666666719,-8.881784197001252e-16,-8.881784197001252e-16,0.0,-0.7499999999999999
487,0.8133333333333386,-8.881784197001252e-16,-8.881784197001252e-16,0.0,-0.7499999999999999
488,0.8150000000000053,-8.881784197001252e-16,-8.881784197001252e-16,0.0,-0.7499999999999999
489,0.816666666666672,-8.881784197001252e-16,-8.881784197001252e-16,0.0,-0.7499999999999999
490,0.8183333333333387,-8.881784197001252e-16,-8.881784197001252e-16,0.0,-0.7499999999999999
491,0.8200000000000054,-8.881784197001252e-16,-8.881784197001252e-16,0.0,-0.7499999999999999
492,0.8216666666666721,-8.881784197001252e-16,-8.881784197001252e-16,0.0,-0.7499999999999999
493,0.8233333333333388,-8.881784197001252e-16,-8.881784197001252e-16,0.0,-0.7499999999999999
494,0.8250000000000055,-8.881784197001252e-16,-8.881784197001252e-16,0.0,-0.7499999999999999
495,0.8266666666666722,-8.881784197001252e-16,-8.881784197001252e-16,0.0,-0.7499999999999999
496,0.8283333333333389,-8.881784197001252e-16,-8.881784197001252e-16,0.0,-0.7499999999999999
497,0.8300000000000056,-8.881784197001252e-16,-8.881784197001252e-16,0.0,-0.7499999999999999
498,0.8316666666666723,-8.881784197001252e-16,-8.881784197001252e-16,0.0,-0.7499999999999999
499,0.833333333333339,-8.881784197001252e-16,-8.881784197001252e-16,0.0,-0.7499999999999999
500,0.8350000000000057,-8.881784197001252e-16,-8.881784197001252e-16,0.0,-0.7499999999999999
501,0.8366666666666724,-8.881784197001252e-16,-8.881784197001252e-16,0.0,-0.7499999999999999
502,0.8383333333333391,-8.881784197001252e-16,-8.881784197001252e-16,0.0,-0.7499999999999999
503,0.8400000000000059,-8.881784197001252e-16,-8.881784197001252e-16,0.0,-0.7499999999999999
504,0.8416666666666726,-8.881784197001252e-16,-8.881784197001252e-16,0.0,-0.7499999999999999
505,0.8433333333333393,-8.881784197001252e-16,-8.881784197001252e-16,0.0,-0.7499999999999999
506,0.845000000000006,-8.881784197001252e-16,-8.881784197001252e-16,0.0,-0.7499999999999999
507,0.8466666666666727,-8.881784197001252e-16,-8.881784197001252e-16,0.0,-0.7499999999999999
508,0.8483333333333394,-8.881784197001252e-16,-8.881784197001252e-16,0.0,-0.7499999999999999
509,0.8500000000000061,-8.881784197001252e-16,-8.881784197001252e-16,0.0,-0.7499999999999999
510,0.8516666666666728,-8.881784197001252e-16,-8.881784197001252e-16,0.0,-0.7499999999999999
511,0.8533333333333395,-8.881784197001252e-16,-8.881784197001252e-16,0.0,-0.7499999999999999
512,0.8550000000000062,-8.881784197001252e-16,-8.881784197001252e-16,0.0,-0.7499999999999999
513,0.8566666666666729,-8.881784197001252e-16,-8.881784197001252e-16,0.0,-0.7499999999999999
514,0.8583333333333396,-8.881784197001252e-16,-8.881784197001252e-16,0.0,-0.7499999999999999
515,0.8600000000000063,-8.881784197001252e-16,-8.881784197001252e-16,0.0,-0.7499999999999999
516,0.861666666666673,-8.881784197001252e-16,-8.881784197001252e-16,0.0,-0.7499999999999999
517,0.8633333333333397,-8.881784197001252e-16,-8.881784197001252e-16,0.0,-0.7499999999999999
518,0.8650000000000064,-8.881784197001252e-16,-8.881784197001252e-16,0.0,-0.7499999999999999
519,0.8666666666666731,-8.881784197001252e-16,-8.881784197001252e-16,0.0,-0.7499999999999999
520,0.8683333333333398,-8.881784197001252e-16,-8.881784197001252e-16,0.0,-0.7499999999999999
521,0.8700000000000065,-8.881784197001252e-16,-8.881784197001252e-16,0.0,-0.7499999999999999
522,0.8716666666666733,-8.881784197001252e-16,-8.881784197001252e-16,0.0,-0.7499999999999999
523,0.87333333333334,-8.881784197001252e-16,-8.881784197001252e-16,0.0,-0.7499999999999999
524,0.8750000000000067,-8.881784197001252e-16,-8.881784197001252e-16,0.0,-0.7499999999999999
525,0.8766666666666734,-8.881784197001252e-16,-8.881784197001252e-16,0.0,-0.7499999999999999
526,0.8783333333333401,-8.881784197001252e-16,-8.881784197001252e-16,0.0,-0.7499999999999999
527,0.8800000000000068,-8.881784197001252e-16,-8.881784197001252e-16,0.0,-0.7499999999999999
528,0.8816666666666735,-8.881784197001252e-16,-8.881784197001252e-16,0.0,-0.7499999999999999
529,0.8833333333333402,-8.881784197001252e-16,-8.881784197001252e-16,0.0,-0.7499999999999999
530,0.8850000000000069,-8.881784197001252e-16,-8.881784197001252e-16,0.0,-0.7499999999999999
531,0.8866666666666736,-8.881784197001252e-16,-8.881784197001252e-16,0.0,-0.7499999999999999
532,0.8883333333333403,-8.881784197001252e-16,-8.881784197001252e-16,0.0,-0.7499999999999999
533,0.890000000000007,-8.881784197001252e-16,-8.881784197001252e-16,0.0,-0.7499999999999999
534,0.8916666666666737,-8.881784197001252e-16,-8.881784197001252e-16,0.0,-0.7499999999999999
535,0.8933333333333404,-8.881784197001252e-16,-8.881784197001252e-16,0.0,-0.7499999999999999
536,0.8950000000000071,-8.881784197001252e-16,-8.881784197001252e-16,0.0,-0.7499999999999999
537,0.8966666666666738,-8.881784197001252e-16,-8.881784197001252e-16,0.0,-0.7499999999999999
538,0.8983333333333405,-8.881784197001252e-16,-8.881784197001252e-16,0.0,-0.7499999999999999
539,0.9000000000000072,-8.881784197001252e-16,-8.881784197001252e-16,0.0,-0.7499999999999999
540,0.9016666666666739,-8.881784197001252e-16,-8.881784197001252e-16,0.0,-0.7499999999999999
541,0.9033333333333406,-8.881784197001252e-16,-8.881784197001252e-16,0.0,-0.7499999999999999
542,0.9050000000000074,-8.881784197001252e-16,-8.881784197001252e-16,0.0,-0.7499999999999999
543,0.9066666666666741,-8.881784197001252e-16,-8.881784197001252e-16,0.0,-0.7499999999999999
544,0.9083333333333408,-8.881784197001252e-16,-8.881784197001252e-16,0.0,-0.7499999999999999
545,0.9100000000000075,-8.881784197001252e-16,-8.881784197001252e-16,0.0,-0.7499999999999999
546,0.9116666666666742,-8.881784197001252e-16,-8.881784197001252e-16,0.0,-0.7499999999999999
547,0.9133333333333409,-8.881784197001252e-16,-8.881784197001252e-16,0.0,-0.7499999999999999
548,0.9150000000000076,-8.881784197001252e-16,-8.881784197001252e-16,0.0,-0.7499999999999999
549,0.9166666666666743,-8.881784197001252e-16,-8.881784197001252e-16,0.0,-0.7499999999999999
550,0.918333333333341,-8.881784197001252e-16,-8.881784197001252e-16,0.0,-0.7499999999999999
551,0.9200000000000077,-8.881784197001252e-16,-8.881784197001252e-16,0.0,-0.7499999999999999
552,0.9216666666666744,-8.881784197001252e-16,-8.881784197001252e-16,0.0,-0.7499999999999999
553,0.9233333333333411,-8.881784197001252e-16,-8.881784197001252e-16,0.0,-0.7499999999999999
554,0.9250000000000078,-8.881784197001252e-16,-8.881784197001252e-16,0.0,-0.7499999999999999
555,0.9266666666666745,-8.881784197001252e-16,-8.881784197001252e-16,0.0,-0.7499999999999999
556,0.9283333333333412,-8.881784197001252e-16,-8.881784197001252e-16,0.0,-0.7499999999999999
557,0.9300000000000079,-8.881784197001252e-16,-8.881784197001252e-16,0.0,-0.7499999999999999
558,0.9316666666666746,-8.881784197001252e-16,-8.881784197001252e-16,0.0,-0.7499999999999999
559,0.9333333333333413,-8.881784197001252e-16,-8.881784197001252e-16,0.0,-0.7499999999999999
560,0.935000000000008,-8.881784197001252e-16,-8.881784197001252e-16,0.0,-0.7499999999999999
561,0.9366666666666748,-8.881784197001252e-16,-8.881784197001252e-16,0.0,-0.7499999999999999
562,0.9383333333333415,-8.881784197001252e-16,-8.881784197001252e-16,0.0,-0.7499999999999999
563,0.9400000000000082,-8.881784197001252e-16,-8.881784197001252e-16,0.0,-0.7499999999999999
564,0.9416666666666749,-8.881784197001252e-16,-8.881784197001252e-16,0.0,-0.7499999999999999
565,0.9433333333333416,-8.881784197001252e-16,-8.881784197001252e-16,0.0,-0.7499999999999999
566,0.9450000000000083,-8.881784197001252e-16,-8.881784197001252e-16,0.0,-0.7499999999999999
567,0.946666666666675,-8.881784197001252e-16,-8.881784197001252e-16,0.0,-0.7499999999999999
568,0.9483333333333417,-8.881784197001252e-16,-8.881784197001252e-16,0.0,-0.7499999999999999
569,0.9500000000000084,-8.881784197001252e-16,-8.881784197001252e-16,0.0,-0.7499999999999999
570,0.9516666666666751,-8.881784197001252e-16,-8.881784197001252e-16,0.0,-0.7499999999999999
571,0.9533333333333418,-8.881784197001252e-16,-8.881784197001252e-16,0.0,-0.7499999999999999
572,0.9550000000000085,-8.881784197001252e-16,-8.881784197001252e-16,0.0,-0.7499999999999999
573,0.9566666666666752,-8.881784197001252e-16,-8.881784197001252e-16,0.0,-0.7499999999999999
574,0.9583333333333419,-8.881784197001252e-16,-8.881784197001252e-16,0.0,-0.7499999999999999
575,0.9600000000000086,-8.881784197001252e-16,-8.881784197001252e-16,0.0,-0.7499999999999999
576,0.9616666666666753,-8.881784197001252e-16,-8.881784197001252e-16,0.0,-0.7499999999999999
577,0.963333333333342,-8.881784197001252e-16,-8.881784197001252e-16,0.0,-0.7499999999999999
578,0.9650000000000087,-8.881784197001252e-16,-8.881784197001252e-16,0.0,-0.7499999999999999
579,0.9666666666666754,-8.881784197001252e-16,-8.881784197001252e-16,0.0,-0.7499999999999999
580,0.9683333333333421,-8.881784197001252e-16,-8.881784197001252e-16,0.0,-0.7499999999999999
581,0.9700000000000089,-8.881784197001252e-16,-8.881784197001252e-16,0.0,-0.7499999999999999
582,0.9716666666666756,-8.881784197001252e-16,-8.881784197001252e-16,0.0,-0.7499999999999999
583,0.9733333333333423,-8.881784197001252e-16,-8.881784197001252e-16,0.0,-0.7499999999999999
584,0.975000000000009,-8.881784197001252e-16,-8.881784197001252e-16,0.0,-0.7499999999999999
585,0.9766666666666757,-8.881784197001252e-16,-8.881784197001252e-16,0.0,-0.7499999999999999
586,0.9783333333333424,-8.881784197001252e-16,-8.881784197001252e-16,0.0,-0.7499999999999999
587,0.9800000000000091,-8.881784197001252e-16,-8.881784197001252e-16,0.0,-0.7499999999999999
588,0.9816666666666758,-8.881784197001252e-16,-8.881784197001252e-16,0.0,-0.7499999999999999
589,0.9833333333333425,-8.881784197001252e-16,-8.881784197001252e-16,0.0,-0.7499999999999999
590,0.9850000000000092,-8.881784197001252e-16,-8.881784197001252e-16,0.0,-0.7499999999999999
591,0.9866666666666759,-8.881784197001252e-16,-8.881784197001252e-16,0.0,-0.7499999999999999
592,0.9883333333333426,-8.881784197001252e-16,-8.881784197001252e-16,0.0,-0.7499999999999999
593,0.9900000000000093,-8.881784197001252e-16,-8.881784197001252e-16,0.0,-0.7499999999999999
594,0.991666666666676,-8.881784197001252e-16,-8.881784197001252e-16,0.0,-0.7499999999999999
595,0.9933333333333427,-8.881784197001252e-16,-8.881784197001252e-16,0.0,-0.7499999999999999
596,0.9950000000000094,-8.881784197001252e-16,-8.881784197001252e-16,0.0,-0.7499999999999999
597,0.9966666666666761,-8.881784197001252e-16,-8.881784197001252e-16,0.0,-0.7499999999999999
598,0.9983333333333428,-8.881784197001252e-16,-8.881784197001252e-16,0.0,-0.7499999999999999
599,1.0000000000000095,-8.881784197001252e-16,-8.881784197001252e-16,0.0,-0.7499999999999999
600,1.0016666666666763,-8.881784197001252e-16,-8.881784197001252e-16,0.0,-0.7499999999999999
601,1.003333333333343,-8.881784197001252e-16,-8.881784197001252e-16,0.0,-0.7499999999999999
602,1.0050000000000097,-8.881784197001252e-16,-8.881784197001252e-16,0.0,-0.7499999999999999
603,1.0066666666666764,-8.881784197001252e-16,-8.881784197001252e-16,0.0,-0.7499999999999999
604,1.008333333333343,-8.881784197001252e-16,-8.881784197001252e-16,0.0,-0.7499999999999999
605,1.0100000000000098,-8.881784197001252e-16,-8.881784197001252e-16,0.0,-0.7499999999999999
606,1.0116666666666765,-8.881784197001252e-16,-8.881784197001252e-16,0.0,-0.7499999999999999
607,1.0133333333333432,-8.881784197001252e-16,-8.881784197001252e-16,0.0,-0.7499999999999999
608,1.01500000000001,-8.881784197001252e-16,-8.881784197001252e-16,0.0,-0.7499999999999999
609,1.0166666666666766,-8.881784197001252e-16,-8.881784197001252e-16,0.0,-0.7499999999999999
610,1.0183333333333433,-8.881784197001252e-16,-8.881784197001252e-16,0.0,-0.7499999999999999
611,1.02000000000001,-8.881784197001252e-16,-8.881784197001252e-16,0.0,-0.7499999999999999
612,1.0216666666666767,-8.881784197001252e-16,-8.881784197001252e-16,0.0,-0.7499999999999999
613,1.0233333333333434,-8.881784197001252e-16,-8.881784197001252e-16,0.0,-0.7499999999999999
614,1.0250000000000101,-8.881784197001252e-16,-8.881784197001252e-16,0.0,-0.7499999999999999
615,1.0266666666666768,-8.881784197001252e-16,-8.881784197001252e-16,0.0,-0.7499999999999999
616,1.0283333333333435,-8.881784197001252e-16,-8.881784197001252e-16,0.0,-0.7499999999999999
617,1.0300000000000102,-8.881784197001252e-16,-8.881784197001252e-16,0.0,-0.7499999999999999
618,1.031666666666677,-8.881784197001252e-16,-8.881784197001252e-16,0.0,-0.7499999999999999
619,1.0333333333333437,-8.881784197001252e-16,-8.881784197001252e-16,0.0,-0.7499999999999999
620,1.0350000000000104,-8.881784197001252e-16,-8.881784197001252e-16,0.0,-0.7499999999999999
621,1.036666666666677,-8.881784197001252e-16,-8.881784197001252e-16,0.0,-0.7499999999999999
622,1.0383333333333438,-8.881784197001252e-16,-8.881784197001252e-16,0.0,-0.7499999999999999
623,1.0400000000000105,-8.881784197001252e-16,-8.881784197001252e-16,0.0,-0.7499999999999999
624,1.0416666666666772,-8.881784197001252e-16,-8.881784197001252e-16,0.0,-0.7499999999999999
625,1.0433333333333439,-8.881784197001252e-16,-8.881784197001252e-16,0.0,-0.7499999999999999
626,1.0450000000000106,-8.881784197001252e-16,-8.881784197001252e-16,0.0,-0.7499999999999999
627,1.0466666666666773,-8.881784197001252e-16,-8.881784197001252e-16,0.0,-0.7499999999999999
628,1.048333333333344,-8.881784197001252e-16,-8.881784197001252e-16,0.0,-0.7499999999999999
629,1.0500000000000107,-8.881784197001252e-16,-8.881784197001252e-16,0.0,-0.7499999999999999
630,1.0516666666666774,-8.881784197001252e-16,-8.881784197001252e-16,0.0,-0.7499999999999999
631,1.0533333333333441,-8.881784197001252e-16,-8.881784197001252e-16,0.0,-0.7499999999999999
632,1.0550000000000108,-8.881784197001252e-16,-8.881784197001252e-16,0.0,-0.7499999999999999
633,1.0566666666666775,-8.881784197001252e-16,-8.881784197001252e-16,0.0,-0.7499999999999999
634,1.0583333333333442,-8.881784197001252e-16,-8.881784197001252e-16,0.0,-0.7499999999999999
635,1.060000000000011,-8.881784197001252e-16,-8.881784197001252e-16,0.0,-0.7499999999999999
636,1.0616666666666776,-8.881784197001252e-16,-8.881784197001252e-16,0.0,-0.7499999999999999
637,1.0633333333333443,-8.881784197001252e-16,-8.881784197001252e-16,0.0,-0.7499999999999999
638,1.065000000000011,-8.881784197001252e-16,-8.881784197001252e-16,0.0,-0.7499999999999999
639,1.0666666666666778,-8.881784197001252e-16,-8.881784197001252e-16,0.0,-0.7499999999999999
640,1.0683333333333445,-8.881784197001252e-16,-8.881784197001252e-16,0.0,-0.7499999999999999
641,1.0700000000000112,-8.881784197001252e-16,-8.881784197001252e-16,0.0,-0.7499999999999999
642,1.0716666666666779,-8.881784197001252e-16,-8.881784197001252e-16,0.0,-0.7499999999999999
643,1.0733333333333446,-8.881784197001252e-16,-8.881784197001252e-16,0.0,-0.7499999999999999
644,1.0750000000000113,-8.881784197001252e-16,-8.881784197001252e-16,0.0,-0.7499999999999999
645,1.076666666666678,-8.881784197001252e-16,-8.881784197001252e-16,0.0,-0.7499999999999999
646,1.0783333333333447,-8.881784197001252e-16,-8.881784197001252e-16,0.0,-0.7499999999999999
647,1.0800000000000114,-8.881784197001252e-16,-8.881784197001252e-16,0.0,-0.7499999999999999
648,1.081666666666678,-8.881784197001252e-16,-8.881784197001252e-16,0.0,-0.7499999999999999
649,1.0833333333333448,-8.881784197001252e-16,-8.881784197001252e-16,0.0,-0.7499999999999999
650,1.0850000000000115,-8.881784197001252e-16,-8.881784197001252e-16,0.0,-0.7499999999999999
651,1.0866666666666782,-8.881784197001252e-16,-8.881784197001252e-16,0.0,-0.7499999999999999
652,1.088333333333345,-8.881784197001252e-16,-8.881784197001252e-16,0.0,-0.7499999999999999
653,1.0900000000000116,-8.881784197001252e-16,-8.881784197001252e-16,0.0,-0.7499999999999999
654,1.0916666666666783,-8.881784197001252e-16,-8.881784197001252e-16,0.0,-0.7499999999999999
655,1.093333333333345,-8.881784197001252e-16,-8.881784197001252e-16,0.0,-0.7499999999999999
656,1.0950000000000117,-8.881784197001252e-16,-8.881784197001252e-16,0.0,-0.7499999999999999
657,1.0966666666666784,-8.881784197001252e-16,-8.881784197001252e-16,0.0,-0.7499999999999999
658,1.0983333333333452,-8.881784197001252e-16,-8.881784197001252e-16,0.0,-0.7499999999999999
659,1.1000000000000119,-8.881784197001252e-16,-8.881784197001252e-16,0.0,-0.7499999999999999
660,1.1016666666666786,-8.881784197001252e-16,-8.881784197001252e-16,0.0,-0.7499999999999999
661,1.1033333333333453,-8.881784197001252e-16,-8.881784197001252e-16,0.0,-0.7499999999999999
662,1.105000000000012,-8.881784197001252e-16,-8.881784197001252e-16,0.0,-0.7499999999999999
663,1.1066666666666787,-8.881784197001252e-16,-8.881784197001252e-16,0.0,-0.7499999999999999
664,1.1083333333333454,-8.881784197001252e-16,-8.881784197001252e-16,0.0,-0.7499999999999999
665,1.110000000000012,-8.881784197001252e-16,-8.881784197001252e-16,0.0,-0.7499999999999999
666,1.1116666666666788,-8.881784197001252e-16,-8.881784197001252e-16,0.0,-0.7499999999999999
667,1.1133333333333455,-8.881784197001252e-16,-8.881784197001252e-16,0.0,-0.7499999999999999
668,1.1150000000000122,-8.881784197001252e-16,-8.881784197001252e-16,0.0,-0.7499999999999999
669,1.116666666666679,-8.881784197001252e-16,-8.881784197001252e-16,0.0,-0.7499999999999999
670,1.1183333333333456,-8.881784197001252e-16,-8.881784197001252e-16,0.0,-0.7499999999999999
671,1.1200000000000123,-8.881784197001252e-16,-8.881784197001252e-16,0.0,-0.7499999999999999
672,1.121666666666679,-8.881784197001252e-16,-8.881784197001252e-16,0.0,-0.7499999999999999
673,1.1233333333333457,-8.881784197001252e-16,-8.881784197001252e-16,0.0,-0.7499999999999999
674,1.1250000000000124,-8.881784197001252e-16,-8.881784197001252e-16,0.0,-0.7499999999999999
675,1.1266666666666791,-8.881784197001252e-16,-8.881784197001252e-16,0.0,-0.7499999999999999
676,1.1283333333333458,-8.881784197001252e-16,-8.881784197001252e-16,0.0,-0.7499999999999999
677,1.1300000000000125,-8.881784197001252e-16,-8.881784197001252e-16,0.0,-0.7499999999999999
678,1.1316666666666793,-8.881784197001252e-16,-8.881784197001252e-16,0.0,-0.7499999999999999
679,1.133333333333346,-8.881784197001252e-16,-8.881784197001252e-16,0.0,-0.7499999999999999
680,1.1350000000000127,-8.881784197001252e-16,-8.881784197001252e-16,0.0,-0.7499999999999999
681,1.1366666666666794,-8.881784197001252e-16,-8.881784197001252e-16,0.0,-0.7499999999999999
682,1.138333333333346,-8.881784197001252e-16,-8.881784197001252e-16,0.0,-0.7499999999999999
683,1.1400000000000128,-8.881784197001252e-16,-8.881784197001252e-16,0.0,-0.7499999999999999
684,1.1416666666666795,-8.881784197001252e-16,-8.881784197001252e-16,0.0,-0.7499999999999999
685,1.1433333333333462,-8.881784197001252e-16,-8.881784197001252e-16,0.0,-0.7499999999999999
686,1.145000000000013,-8.881784197001252e-16,-8.881784197001252e-16,0.0,-0.7499999999999999
687,1.1466666666666796,-8.881784197001252e-16,-8.881784197001252e-16,0.0,-0.7499999999999999
688,1.1483333333333463,-8.881784197001252e-16,-8.881784197001252e-16,0.0,-0.7499999999999999
689,1.150000000000013,-8.881784197001252e-16,-8.881784197001252e-16,0.0,-0.7499999999999999
690,1.1516666666666797,-8.881784197001252e-16,-8.881784197001252e-16,0.0,-0.7499999999999999
691,1.1533333333333464,-8.881784197001252e-16,-8.881784197001252e-16,0.0,-0.7499999999999999
692,1.1550000000000131,-8.881784197001252e-16,-8.881784197001252e-16,0.0,-0.7499999999999999
693,1.1566666666666798,-8.881784197001252e-16,-8.881784197001252e-16,0.0,-0.7499999999999999
694,1.1583333333333465,-8.881784197001252e-16,-8.881784197001252e-16,0.0,-0.7499999999999999
695,1.1600000000000132,-8.881784197001252e-16,-8.881784197001252e-16,0.0,-0.7499999999999999
696,1.16166666666668,-8.881784197001252e-16,-8.881784197001252e-16,0.0,-0.7499999999999999
697,1.1633333333333467,-8.881784197001252e-16,-8.881784197001252e-16,0.0,-0.7499999999999999
698,1.1650000000000134,-8.881784197001252e-16,-8.881784197001252e-16,0.0,-0.7499999999999999
699,1.16666666666668,-8.881784197001252e-16,-8.881784197001252e-16,0.0,-0.7499999999999999
700,1.1683333333333468,-8.881784197001252e-16,-8.881784197001252e-16,0.0,-0.7499999999999999
701,1.1700000000000135,-8.881784197001252e-16,-8.881784197001252e-16,0.0,-0.7499999999999999
702,1.1716666666666802,-8.881784197001252e-16,-8.881784197001252e-16,0.0,-0.7499999999999999
703,1.1733333333333469,-8.881784197001252e-16,-8.881784197001252e-16,0.0,-0.7499999999999999
704,1.1750000000000136,-8.881784197001252e-16,-8.881784197001252e-16,0.0,-0.7499999999999999
705,1.1766666666666803,-8.881784197001252e-16,-8.881784197001252e-16,0.0,-0.7499999999999999
706,1.178333333333347,-8.881784197001252e-16,-8.881784197001252e-16,0.0,-0.7499999999999999
707,1.1800000000000137,-8.881784197001252e-16,-8.881784197001252e-16,0.0,-0.7499999999999999
708,1.1816666666666804,-8.881784197001252e-16,-8.881784197001252e-16,0.0,-0.7499999999999999
709,1.1833333333333471,-8.881784197001252e-16,-8.881784197001252e-16,0.0,-0.7499999999999999
710,1.1850000000000138,-8.881784197001252e-16,-8.881784197001252e-16,0.0,-0.7499999999999999
711,1.1866666666666805,-8.881784197001252e-16,-8.881784197001252e-16,0.0,-0.7499999999999999
712,1.1883333333333472,-8.881784197001252e-16,-8.881784197001252e-16,0.0,-0.7499999999999999
713,1.190000000000014,-8.881784197001252e-16,-8.881784197001252e-16,0.0,-0.7499999999999999
714,1.1916666666666806,-8.881784197001252e-16,-8.881784197001252e-16,0.0,-0.7499999999999999
715,1.1933333333333473,-8.881784197001252e-16,-8.881784197001252e-16,0.0,-0.7499999999999999
716,1.195000000000014,-8.881784197001252e-16,-8.881784197001252e-16,0.0,-0.7499999999999999
717,1.1966666666666808,-8.881784197001252e-16,-8.881784197001252e-16,0.0,-0.7499999999999999
718,1.1983333333333475,-8.881784197001252e-16,-8.881784197001252e-16,0.0,-0.7499999999999999
719,1.2000000000000142,-8.881784197001252e-16,-8.881784197001252e-16,0.0,-0.7499999999999999
720,1.2016666666666809,-8.881784197001252e-16,-8.881784197001252e-16,0.0,-0.7499999999999999
721,1.2033333333333476,-8.881784197001252e-16,-8.881784197001252e-16,0.0,-0.7499999999999999
722,1.2050000000000143,-8.881784197001252e-16,-8.881784197001252e-16,0.0,-0.7499999999999999
723,1.206666666666681,-8.881784197001252e-16,-8.881784197001252e-16,0.0,-0.7499999999999999
724,1.2083333333333477,-8.881784197001252e-16,-8.881784197001252e-16,0.0,-0.7499999999999999
725,1.2100000000000144,-8.881784197001252e-16,-8.881784197001252e-16,0.0,-0.7499999999999999
726,1.211666666666681,-8.881784197001252e-16,-8.881784197001252e-16,0.0,-0.7499999999999999
727,1.2133333333333478,-8.881784197001252e-16,-8.881784197001252e-16,0.0,-0.7499999999999999
728,1.2150000000000145,-8.881784197001252e-16,-8.881784197001252e-16,0.0,-0.7499999999999999
729,1.2166666666666812,-8.881784197001252e-16,-8.881784197001252e-16,0.0,-0.7499999999999999
730,1.218333333333348,-8.881784197001252e-16,-8.881784197001252e-16,0.0,-0.7499999999999999
731,1.2200000000000146,-8.881784197001252e-16,-8.881784197001252e-16,0.0,-0.7499999999999999
732,1.2216666666666813,-8.881784197001252e-16,-8.881784197001252e-16,0.0,-0.7499999999999999
733,1.223333333333348,-8.881784197001252e-16,-8.881784197001252e-16,0.0,-0.7499999999999999
734,1.2250000000000147,-8.881784197001252e-16,-8.881784197001252e-16,0.0,-0.7499999999999999
735,1.2266666666666814,-8.881784197001252e-16,-8.881784197001252e-16,0.0,-0.7499999999999999
736,1.2283333333333482,-8.881784197001252e-16,-8.881784197001252e-16,0.0,-0.7499999999999999
737,1.2300000000000149,-8.881784197001252e-16,-8.881784197001252e-16,0.0,-0.7499999999999999
738,1.2316666666666816,-8.881784197001252e-16,-8.881784197001252e-16,0.0,-0.7499999999999999
739,1.2333333333333483,-8.881784197001252e-16,-8.881784197001252e-16,0.0,-0.7499999999999999
740,1.235000000000015,-8.881784197001252e-16,-8.881784197001252e-16,0.0,-0.7499999999999999
741,1.2366666666666817,-8.881784197001252e-16,-8.881784197001252e-16,0.0,-0.7499999999999999
742,1.2383333333333484,-8.881784197001252e-16,-8.881784197001252e-16,0.0,-0.7499999999999999
743,1.240000000000015,-8.881784197001252e-16,-8.881784197001252e-16,0.0,-0.7499999999999999
744,1.2416666666666818,-8.881784197001252e-16,-8.881784197001252e-16,0.0,-0.7499999999999999
745,1.2433333333333485,-8.881784197001252e-16,-8.881784197001252e-16,0.0,-0.7499999999999999
746,1.2450000000000152,-8.881784197001252e-16,-8.881784197001252e-16,0.0,-0.7499999999999999
747,1.246666666666682,-8.881784197001252e-16,-8.881784197001252e-16,0.0,-0.7499999999999999
748,1.2483333333333486,-8.881784197001252e-16,-8.881784197001252e-16,0.0,-0.7499999999999999
749,1.2500000000000153,-8.881784197001252e-16,-8.881784197001252e-16,0.0,-0.7499999999999999
750,1.251666666666682,-8.881784197001252e-16,-8.881784197001252e-16,0.0,-0.7499999999999999
751,1.2533333333333487,-8.881784197001252e-16,-8.881784197001252e-16,0.0,-0.7499999999999999
752,1.2550000000000154,-8.881784197001252e-16,-8.881784197001252e-16,0.0,-0.7499999999999999
753,1.2566666666666821,-8.881784197001252e-16,-8.881784197001252e-16,0.0,-0.7499999999999999
754,1.2583333333333488,-8.881784197001252e-16,-8.881784197001252e-16,0.0,-0.7499999999999999
755,1.2600000000000156,-8.881784197001252e-16,-8.881784197001252e-16,0.0,-0.7499999999999999
756,1.2616666666666823,-8.881784197001252e-16,-8.881784197001252e-16,0.0,-0.7499999999999999
757,1.263333333333349,-8.881784197001252e-16,-8.881784197001252e-16,0.0,-0.7499999999999999
758,1.2650000000000157,-8.881784197001252e-16,-8.881784197001252e-16,0.0,-0.7499999999999999
759,1.2666666666666824,-8.881784197001252e-16,-8.881784197001252e-16,0.0,-0.7499999999999999
760,1.268333333333349,-8.881784197001252e-16,-8.881784197001252e-16,0.0,-0.7499999999999999
761,1.2700000000000158,-8.881784197001252e-16,-8.881784197001252e-16,0.0,-0.7499999999999999
762,1.2716666666666825,-8.881784197001252e-16,-8.881784197001252e-16,0.0,-0.7499999999999999
763,1.2733333333333492,-8.881784197001252e-16,-8.881784197001252e-16,0.0,-0.7499999999999999
764,1.275000000000016,-8.881784197001252e-16,-8.881784197001252e-16,0.0,-0.7499999999999999
765,1.2766666666666826,-8.881784197001252e-16,-8.881784197001252e-16,0.0,-0.7499999999999999
766,1.2783333333333493,-8.881784197001252e-16,-8.881784197001252e-16,0.0,-0.7499999999999999
767,1.280000000000016,-8.881784197001252e-16,-8.881784197001252e-16,0.0,-0.7499999999999999
768,1.2816666666666827,-8.881784197001252e-16,-8.881784197001252e-16,0.0,-0.7499999999999999
769,1.2833333333333494,-8.881784197001252e-16,-8.881784197001252e-16,0.0,-0.7499999999999999
770,1.2850000000000161,-8.881784197001252e-16,-8.881784197001252e-16,0.0,-0.7499999999999999
771,1.2866666666666828,-8.881784197001252e-16,-8.881784197001252e-16,0.0,-0.7499999999999999
772,1.2883333333333495,-8.881784197001252e-16,-8.881784197001252e-16,0.0,-0.7499999999999999
773,1.2900000000000162,-8.881784197001252e-16,-8.881784197001252e-16,0.0,-0.7499999999999999
774,1.291666666666683,-8.881784197001252e-16,-8.881784197001252e-16,0.0,-0.7499999999999999
775,1.2933333333333497,-8.881784197001252e-16,-8.881784197001252e-16,0.0,-0.7499999999999999
776,1.2950000000000164,-8.881784197001252e-16,-8.881784197001252e-16,0.0,-0.7499999999999999
777,1.296666666666683,-8.881784197001252e-16,-8.881784197001252e-16,0.0,-0.7499999999999999
778,1.2983333333333498,-8.881784197001252e-16,-8.881784197001252e-16,0.0,-0.7499999999999999
779,1.3000000000000165,-8.881784197001252e-16,-8.881784197001252e-16,0.0,-0.7499999999999999
780,1.3016666666666832,-8.881784197001252e-16,-8.881784197001252e-16,0.0,-0.7499999999999999
781,1.3033333333333499,-8.881784197001252e-16,-8.881784197001252e-16,0.0,-0.7499999999999999
782,1.3050000000000166,-8.881784197001252e-16,-8.881784197001252e-16,0.0,-0.7499999999999999
783,1.3066666666666833,-8.881784197001252e-16,-8.881784197001252e-16,0.0,-0.7499999999999999
784,1.30833333333335,-8.881784197001252e-16,-8.881784197001252e-16,0.0,-0.7499999999999999
785,1.3100000000000167,-8.881784197001252e-16,-8.881784197001252e-16,0.0,-0.7499999999999999
786,1.3116666666666834,-8.881784197001252e-16,-8.881784197001252e-16,0.0,-0.7499999999999999
787,1.3133333333333501,-8.881784197001252e-16,-8.881784197001252e-16,0.0,-0.7499999999999999
788,1.3150000000000168,-8.881784197001252e-16,-8.881784197001252e-16,0.0,-0.7499999999999999
789,1.3166666666666835,-8.881784197001252e-16,-8.881784197001252e-16,0.0,-0.7499999999999999
790,1.3183333333333502,-8.881784197001252e-16,-8.881784197001252e-16,0.0,-0.7499999999999999
791,1.320000000000017,-8.881784197001252e-16,-8.881784197001252e-16,0.0,-0.7499999999999999
792,1.3216666666666836,-8.881784197001252e-16,-8.881784197001252e-16,0.0,-0.7499999999999999
793,1.3233333333333503,-8.881784197001252e-16,-8.881784197001252e-16,0.0,-0.7499999999999999
794,1.325000000000017,-8.881784197001252e-16,-8.881784197001252e-16,0.0,-0.7499999999999999
795,1.3266666666666838,-8.881784197001252e-16,-8.881784197001252e-16,0.0,-0.7499999999999999
796,1.3283333333333505,-8.881784197001252e-16,-8.881784197001252e-16,0.0,-0.7499999999999999
797,1.3300000000000172,-8.881784197001252e-16,-8.881784197001252e-16,0.0,-0.7499999999999999
798,1.3316666666666839,-8.881784197001252e-16,-8.881784197001252e-16,0.0,-0.7499999999999999
799,1.3333333333333506,-8.881784197001252e-16,-8.881784197001252e-16,0.0,-0.7499999999999999
800,1.3350000000000173,-8.881784197001252e-16,-8.881784197001252e-16,0.0,-0.7499999999999999
801,1.336666666666684,-8.881784197001252e-16,-8.881784197001252e-16,0.0,-0.7499999999999999
802,1.3383333333333507,-8.881784197001252e-16,-8.881784197001252e-16,0.0,-0.7499999999999999
803,1.3400000000000174,-8.881784197001252e-16,-8.881784197001252e-16,0.0,-0.7499999999999999
804,1.341666666666684,-8.881784197001252e-16,-8.881784197001252e-16,0.0,-0.7499999999999999
805,1.3433333333333508,-8.881784197001252e-16,-8.881784197001252e-16,0.0,-0.7499999999999999
806,1.3450000000000175,-8.881784197001252e-16,-8.881784197001252e-16,0.0,-0.7499999999999999
807,1.3466666666666842,-8.881784197001252e-16,-8.881784197001252e-16,0.0,-0.7499999999999999
808,1.348333333333351,-8.881784197001252e-16,-8.881784197001252e-16,0.0,-0.7499999999999999
809,1.3500000000000176,-8.881784197001252e-16,-8.881784197001252e-16,0.0,-0.7499999999999999
810,1.3516666666666843,-8.881784197001252e-16,-8.881784197001252e-16,0.0,-0.7499999999999999
811,1.353333333333351,-8.881784197001252e-16,-8.881784197001252e-16,0.0,-0.7499999999999999
812,1.3550000000000177,-8.881784197001252e-16,-8.881784197001252e-16,0.0,-0.7499999999999999
813,1.3566666666666845,-8.881784197001252e-16,-8.881784197001252e-16,0.0,-0.7499999999999999
814,1.3583333333333512,-8.881784197001252e-16,-8.881784197001252e-16,0.0,-0.7499999999999999
815,1.3600000000000179,-8.881784197001252e-16,-8.881784197001252e-16,0.0,-0.7499999999999999
816,1.3616666666666846,-8.881784197001252e-16,-8.881784197001252e-16,0.0,-0.7499999999999999
817,1.3633333333333513,-8.881784197001252e-16,-8.881784197001252e-16,0.0,-0.7499999999999999
818,1.365000000000018,-8.881784197001252e-16,-8.881784197001252e-16,0.0,-0.7499999999999999
819,1.3666666666666847,-8.881784197001252e-16,-8.881784197001252e-16,0.0,-0.7499999999999999
820,1.3683333333333514,-8.881784197001252e-16,-8.881784197001252e-16,0.0,-0.7499999999999999
821,1.370000000000018,-8.881784197001252e-16,-8.881784197001252e-16,0.0,-0.7499999999999999
822,1.3716666666666848,-8.881784197001252e-16,-8.881784197001252e-16,0.0,-0.7499999999999999
823,1.3733333333333515,-8.881784197001252e-16,-8.881784197001252e-16,0.0,-0.7499999999999999
824,1.3750000000000182,-8.881784197001252e-16,-8.881784197001252e-16,0.0,-0.7499999999999999
825,1.376666666666685,-8.881784197001252e-16,-8.881784197001252e-16,0.0,-0.7499999999999999
826,1.3783333333333516,-8.881784197001252e-16,-8.881784197001252e-16,0.0,-0.7499999999999999
827,1.3800000000000183,-8.881784197001252e-16,-8.881784197001252e-16,0.0,-0.7499999999999999
828,1.381666666666685,-8.881784197001252e-16,-8.881784197001252e-16,0.0,-0.7499999999999999
829,1.3833333333333517,-8.881784197001252e-16,-8.881784197001252e-16,0.0,-0.7499999999999999
830,1.3850000000000184,-8.881784197001252e-16,-8.881784197001252e-16,0.0,-0.7499999999999999
831,1.3866666666666851,-8.881784197001252e-16,-8.881784197001252e-16,0.0,-0.7499999999999999
832,1.3883333333333518,-8.881784197001252e-16,-8.881784197001252e-16,0.0,-0.7499999999999999
833,1.3900000000000186,-8.881784197001252e-16,-8.881784197001252e-16,0.0,-0.7499999999999999
834,1.3916666666666853,-8.881784197001252e-16,-8.881784197001252e-16,0.0,-0.7499999999999999
835,1.393333333333352,-8.881784197001252e-16,-8.881784197001252e-16,0.0,-0.7499999999999999
836,1.3950000000000187,-8.881784197001252e-16,-8.881784197001252e-16,0.0,-0.7499999999999999
837,1.3966666666666854,-8.881784197001252e-16,-8.881784197001252e-16,0.0,-0.7499999999999999
838,1.398333333333352,-8.881784197001252e-16,-8.881784197001252e-16,0.0,-0.7499999999999999
839,1.4000000000000188,-8.881784197001252e-16,-8.881784197001252e-16,0.0,-0.7499999999999999
840,1.4016666666666855,-8.881784197001252e-16,-8.881784197001252e-16,0.0,-0.7499999999999999
841,1.4033333333333522,-8.881784197001252e-16,-8.881784197001252e-16,0.0,-0.7499999999999999
842,1.405000000000019,-8.881784197001252e-16,-8.881784197001252e-16,0.0,-0.7499999999999999
843,1.4066666666666856,-8.881784197001252e-16,-8.881784197001252e-16,0.0,-0.7499999999999999
844,1.4083333333333523,-8.881784197001252e-16,-8.881784197001252e-16,0.0,-0.7499999999999999
845,1.410000000000019,-8.881784197001252e-16,-8.881784197001252e-16,0.0,-0.7499999999999999
846,1.4116666666666857,-8.881784197001252e-16,-8.881784197001252e-16,0.0,-0.7499999999999999
847,1.4133333333333524,-8.881784197001252e-16,-8.881784197001252e-16,0.0,-0.7499999999999999
848,1.4150000000000191,-8.881784197001252e-16,-8.881784197001252e-16,0.0,-0.7499999999999999
849,1.4166666666666858,-8.881784197001252e-16,-8.881784197001252e-16,0.0,-0.7499999999999999
850,1.4183333333333525,-8.881784197001252e-16,-8.881784197001252e-16,0.0,-0.7499999999999999
851,1.4200000000000192,-8.881784197001252e-16,-8.881784197001252e-16,0.0,-0.7499999999999999
852,1.421666666666686,-8.881784197001252e-16,-8.881784197001252e-16,0.0,-0.7499999999999999
853,1.4233333333333527,-8.881784197001252e-16,-8.881784197001252e-16,0.0,-0.7499999999999999
854,1.4250000000000194,-8.881784197001252e-16,-8.881784197001252e-16,0.0,-0.7499999999999999
855,1.426666666666686,-8.881784197001252e-16,-8.881784197001252e-16,0.0,-0.7499999999999999
856,1.4283333333333528,-8.881784197001252e-16,-8.881784197001252e-16,0.0,-0.7499999999999999
857,1.4300000000000195,-8.881784197001252e-16,-8.881784197001252e-16,0.0,-0.7499999999999999
858,1.4316666666666862,-8.881784197001252e-16,-8.881784197001252e-16,0.0,-0.7499999999999999
859,1.4333333333333529,-8.881784197001252e-16,-8.881784197001252e-16,0.0,-0.7499999999999999
860,1.4350000000000196,-8.881784197001252e-16,-8.881784197001252e-16,0.0,-0.7499999999999999
861,1.4366666666666863,-8.881784197001252e-16,-8.881784197001252e-16,0.0,-0.7499999999999999
862,1.438333333333353,-8.881784197001252e-16,-8.881784197001252e-16,0.0,-0.7499999999999999
863,1.4400000000000197,-8.881784197001252e-16,-8.881784197001252e-16,0.0,-0.7499999999999999
864,1.4416666666666864,-8.881784197001252e-16,-8.881784197001252e-16,0.0,-0.7499999999999999
865,1.4433333333333531,-8.881784197001252e-16,-8.881784197001252e-16,0.0,-0.7499999999999999
866,1.4450000000000198,-8.881784197001252e-16,-8.881784197001252e-16,0.0,-0.7499999999999999
867,1.4466666666666865,-8.881784197001252e-16,-8.881784197001252e-16,0.0,-0.7499999999999999
868,1.4483333333333532,-8.881784197001252e-16,-8.881784197001252e-16,0.0,-0.7499999999999999
869,1.45000000000002,-8.881784197001252e-16,-8.881784197001252e-16,0.0,-0.7499999999999999
870,1.4516666666666866,-8.881784197001252e-16,-8.881784197001252e-16,0.0,-0.7499999999999999
871,1.4533333333333533,-8.881784197001252e-16,-8.881784197001252e-16,0.0,-0.7499999999999999
872,1.45500000000002,-8.881784197001252e-16,-8.881784197001252e-16,0.0,-0.7499999999999999
873,1.4566666666666868,-8.881784197001252e-16,-8.881784197001252e-16,0.0,-0.7499999999999999
874,1.4583333333333535,-8.881784197001252e-16,-8.881784197001252e-16,0.0,-0.7499999999999999
875,1.4600000000000202,-8.881784197001252e-16,-8.881784197001252e-16,0.0,-0.7499999999999999
876,1.4616666666666869,-8.881784197001252e-16,-8.881784197001252e-16,0.0,-0.7499999999999999
877,1.4633333333333536,-8.881784197001252e-16,-8.881784197001252e-16,0.0,-0.7499999999999999
878,1.4650000000000203,-8.881784197001252e-16,-8.881784197001252e-16,0.0,-0.7499999999999999
879,1.466666666666687,-8.881784197001252e-16,-8.881784197001252e-16,0.0,-0.7499999999999999
880,1.4683333333333537,-8.881784197001252e-16,-8.881784197001252e-16,0.0,-0.7499999999999999
881,1.4700000000000204,-8.881784197001252e-16,-8.881784197001252e-16,0.0,-0.7499999999999999
882,1.471666666666687,-8.881784197001252e-16,-8.881784197001252e-16,0.0,-0.7499999999999999
883,1.4733333333333538,-8.881784197001252e-16,-8.881784197001252e-16,0.0,-0.7499999999999999
884,1.4750000000000205,-8.881784197001252e-16,-8.881784197001252e-16,0.0,-0.7499999999999999
885,1.4766666666666872,-8.881784197001252e-16,-8.881784197001252e-16,0.0,-0.7499999999999999
886,1.478333333333354,-8.881784197001252e-16,-8.881784197001252e-16,0.0,-0.7499999999999999
887,1.4800000000000206,-8.881784197001252e-16,-8.881784197001252e-16,0.0,-0.7499999999999999
888,1.4816666666666873,-8.881784197001252e-16,-8.881784197001252e-16,0.0,-0.7499999999999999
889,1.483333333333354,-8.881784197001252e-16,-8.881784197001252e-16,0.0,-0.7499999999999999
890,1.4850000000000207,-8.881784197001252e-16,-8.881784197001252e-16,0.0,-0.7499999999999999
891,1.4866666666666875,-8.881784197001252e-16,-8.881784197001252e-16,0.0,-0.7499999999999999
892,1.4883333333333542,-8.881784197001252e-16,-8.881784197001252e-16,0.0,-0.7499999999999999
893,1.4900000000000209,-8.881784197001252e-16,-8.881784197001252e-16,0.0,-0.7499999999999999
894,1.4916666666666876,-8.881784197001252e-16,-8.881784197001252e-16,0.0,-0.7499999999999999
895,1.4933333333333543,-8.881784197001252e-16,-8.881784197001252e-16,0.0,-0.7499999999999999
896,1.495000000000021,-8.881784197001252e-16,-8.881784197001252e-16,0.0,-0.7499999999999999
897,1.4966666666666877,-8.881784197001252e-16,-8.881784197001252e-16,0.0,-0.7499999999999999
898,1.4983333333333544,-8.881784197001252e-16,-8.881784197001252e-16,0.0,-0.7499999999999999
899,1.500000000000021,-8.881784197001252e-16,-8.881784197001252e-16,0.0,-0.7499999999999999
900,1.5016666666666878,-8.881784197001252e-16,-8.881784197001252e-16,0.0,-0.7499999999999999
901,1.5033333333333545,-8.881784197001252e-16,-8.881784197001252e-16,0.0,-0.7499999999999999
902,1.5050000000000212,-8.881784197001252e-16,-8.881784197001252e-16,0.0,-0.7499999999999999
903,1.506666666666688,-8.881784197001252e-16,-8.881784197001252e-16,0.0,-0.7499999999999999
904,1.5083333333333546,-8.881784197001252e-16,-8.881784197001252e-16,0.0,-0.7499999999999999
905,1.5100000000000213,-8.881784197001252e-16,-8.881784197001252e-16,0.0,-0.7499999999999999
906,1.511666666666688,-8.881784197001252e-16,-8.881784197001252e-16,0.0,-0.7499999999999999
907,1.5133333333333547,-8.881784197001252e-16,-8.881784197001252e-16,0.0,-0.7499999999999999
908,1.5150000000000214,-8.881784197001252e-16,-8.881784197001252e-16,0.0,-0.7499999999999999
909,1.5166666666666881,-8.881784197001252e-16,-8.881784197001252e-16,0.0,-0.7499999999999999
910,1.5183333333333549,-8.881784197001252e-16,-8.881784197001252e-16,0.0,-0.7499999999999999
911,1.5200000000000216,-8.881784197001252e-16,-8.881784197001252e-16,0.0,-0.7499999999999999
912,1.5216666666666883,-8.881784197001252e-16,-8.881784197001252e-16,0.0,-0.7499999999999999
913,1.523333333333355,-8.881784197001252e-16,-8.881784197001252e-16,0.0,-0.7499999999999999
914,1.5250000000000217,-8.881784197001252e-16,-8.881784197001252e-16,0.0,-0.7499999999999999
915,1.5266666666666884,-8.881784197001252e-16,-8.881784197001252e-16,0.0,-0.7499999999999999
916,1.528333333333355,-8.881784197001252e-16,-8.881784197001252e-16,0.0,-0.7499999999999999
917,1.5300000000000218,-8.881784197001252e-16,-8.881784197001252e-16,0.0,-0.7499999999999999
918,1.5316666666666885,-8.881784197001252e-16,-8.881784197001252e-16,0.0,-0.7499999999999999
919,1.5333333333333552,-8.881784197001252e-16,-8.881784197001252e-16,0.0,-0.7499999999999999
920,1.535000000000022,-8.881784197001252e-16,-8.881784197001252e-16,0.0,-0.7499999999999999
921,1.5366666666666886,-8.881784197001252e-16,-8.881784197001252e-16,0.0,-0.7499999999999999
922,1.5383333333333553,-8.881784197001252e-16,-8.881784197001252e-16,0.0,-0.7499999999999999
923,1.540000000000022,-8.881784197001252e-16,-8.881784197001252e-16,0.0,-0.7499999999999999
924,1.5416666666666887,-8.881784197001252e-16,-8.881784197001252e-16,0.0,-0.7499999999999999
925,1.5433333333333554,-8.881784197001252e-16,-8.881784197001252e-16,0.0,-0.7499999999999999
926,1.5450000000000221,-8.881784197001252e-16,-8.881784197001252e-16,0.0,-0.7499999999999999
927,1.5466666666666888,-8.881784197001252e-16,-8.881784197001252e-16,0.0,-0.7499999999999999
928,1.5483333333333555,-8.881784197001252e-16,-8.881784197001252e-16,0.0,-0.7499999999999999
929,1.5500000000000222,-8.881784197001252e-16,-8.881784197001252e-16,0.0,-0.7499999999999999
930,1.551666666666689,-8.881784197001252e-16,-8.881784197001252e-16,0.0,-0.7499999999999999
931,1.5533333333333557,-8.881784197001252e-16,-8.881784197001252e-16,0.0,-0.7499999999999999
932,1.5550000000000224,-8.881784197001252e-16,-8.881784197001252e-16,0.0,-0.7499999999999999
933,1.556666666666689,-8.881784197001252e-16,-8.881784197001252e-16,0.0,-0.7499999999999999
934,1.5583333333333558,-8.881784197001252e-16,-8.881784197001252e-16,0.0,-0.7499999999999999
935,1.5600000000000225,-8.881784197001252e-16,-8.881784197001252e-16,0.0,-0.7499999999999999
936,1.5616666666666892,-8.881784197001252e-16,-8.881784197001252e-16,0.0,-0.7499999999999999
937,1.563333333333356,-8.881784197001252e-16,-8.881784197001252e-16,0.0,-0.7499999999999999
938,1.5650000000000226,-8.881784197001252e-16,-8.881784197001252e-16,0.0,-0.7499999999999999
939,1.5666666666666893,-8.881784197001252e-16,-8.881784197001252e-16,0.0,-0.7499999999999999
940,1.568333333333356,-8.881784197001252e-16,-8.881784197001252e-16,0.0,-0.7499999999999999
941,1.5700000000000227,-8.881784197001252e-16,-8.881784197001252e-16,0.0,-0.7499999999999999
942,1.5716666666666894,-8.881784197001252e-16,-8.881784197001252e-16,0.0,-0.7499999999999999
943,1.5733333333333561,-8.881784197001252e-16,-8.881784197001252e-16,0.0,-0.7499999999999999
944,1.5750000000000228,-8.881784197001252e-16,-8.881784197001252e-16,0.0,-0.7499999999999999
945,1.5766666666666895,-8.881784197001252e-16,-8.881784197001252e-16,0.0,-0.7499999999999999
946,1.5783333333333562,-8.881784197001252e-16,-8.881784197001252e-16,0.0,-0.7499999999999999
947,1.580000000000023,-8.881784197001252e-16,-8.881784197001252e-16,0.0,-0.7499999999999999
948,1.5816666666666896,-8.881784197001252e-16,-8.881784197001252e-16,0.0,-0.7499999999999999
949,1.5833333333333564,-8.881784197001252e-16,-8.881784197001252e-16,0.0,-0.7499999999999999
950,1.585000000000023,-8.881784197001252e-16,-8.881784197001252e-16,0.0,-0.7499999999999999
951,1.5866666666666898,-8.881784197001252e-16,-8.881784197001252e-16,0.0,-0.7499999999999999
952,1.5883333333333565,-8.881784197001252e-16,-8.881784197001252e-16,0.0,-0.7499999999999999
953,1.5900000000000232,-8.881784197001252e-16,-8.881784197001252e-16,0.0,-0.7499999999999999
954,1.5916666666666899,-8.881784197001252e-16,-8.881784197001252e-16,0.0,-0.7499999999999999
955,1.5933333333333566,-8.881784197001252e-16,-8.881784197001252e-16,0.0,-0.7499999999999999
956,1.5950000000000233,-8.881784197001252e-16,-8.881784197001252e-16,0.0,-0.7499999999999999
957,1.59666666666669,-8.881784197001252e-16,-8.881784197001252e-16,0.0,-0.7499999999999999
958,1.5983333333333567,-8.881784197001252e-16,-8.881784197001252e-16,0.0,-0.7499999999999999
959,1.6000000000000234,-8.881784197001252e-16,-8.881784197001252e-16,0.0,-0.7499999999999999
960,1.60166666666669,-8.881784197001252e-16,-8.881784197001252e-16,0.0,-0.7499999999999999
961,1.6033333333333568,-8.881784197001252e-16,-8.881784197001252e-16,0.0,-0.7499999999999999
962,1.6050000000000235,-8.881784197001252e-16,-8.881784197001252e-16,0.0,-0.7499999999999999
963,1.6066666666666902,-8.881784197001252e-16,-8.881784197001252e-16,0.0,-0.7499999999999999
964,1.608333333333357,-8.881784197001252e-16,-8.881784197001252e-16,0.0,-0.7499999999999999
965,1.6100000000000236,-8.881784197001252e-16,-8.881784197001252e-16,0.0,-0.7499999999999999
966,1.6116666666666903,-8.881784197001252e-16,-8.881784197001252e-16,0.0,-0.7499999999999999
967,1.613333333333357,-8.881784197001252e-16,-8.881784197001252e-16,0.0,-0.7499999999999999
968,1.6150000000000237,-8.881784197001252e-16,-8.881784197001252e-16,0.0,-0.7499999999999999
969,1.6166666666666905,-8.881784197001252e-16,-8.881784197001252e-16,0.0,-0.7499999999999999
970,1.6183333333333572,-8.881784197001252e-16,-8.881784197001252e-16,0.0,-0.7499999999999999
971,1.6200000000000239,-8.881784197001252e-16,-8.881784197001252e-16,0.0,-0.7499999999999999
972,1.6216666666666906,-8.881784197001252e-16,-8.881784197001252e-16,0.0,-0.7499999999999999
973,1.6233333333333573,-8.881784197001252e-16,-8.881784197001252e-16,0.0,-0.7499999999999999
974,1.625000000000024,-8.881784197001252e-16,-8.881784197001252e-16,0.0,-0.7499999999999999
975,1.6266666666666907,-8.881784197001252e-16,-8.881784197001252e-16,0.0,-0.7499999999999999
976,1.6283333333333574,-8.881784197001252e-16,-8.881784197001252e-16,0.0,-0.7499999999999999
977,1.630000000000024,-8.881784197001252e-16,-8.881784197001252e-16,0.0,-0.7499999999999999
978,1.6316666666666908,-8.881784197001252e-16,-8.881784197001252e-16,0.0,-0.7499999999999999
979,1.6333333333333575,-8.881784197001252e-16,-8.881784197001252e-16,0.0,-0.7499999999999999
980,1.6350000000000242,-8.881784197001252e-16,-8.881784197001252e-16,0.0,-0.7499999999999999
981,1.636666666666691,-8.881784197001252e-16,-8.881784197001252e-16,0.0,-0.7499999999999999
982,1.6383333333333576,-8.881784197001252e-16,-8.881784197001252e-16,0.0,-0.7499999999999999
983,1.6400000000000243,-8.881784197001252e-16,-8.881784197001252e-16,0.0,-0.7499999999999999
984,1.641666666666691,-8.881784197001252e-16,-8.881784197001252e-16,0.0,-0.7499999999999999
985,1.6433333333333577,-8.881784197001252e-16,-8.881784197001252e-16,0.0,-0.7499999999999999
986,1.6450000000000244,-8.881784197001252e-16,-8.881784197001252e-16,0.0,-0.7499999999999999
987,1.6466666666666911,-8.881784197001252e-16,-8.881784197001252e-16,0.0,-0.7499999999999999
988,1.6483333333333579,-8.881784197001252e-16,-8.881784197001252e-16,0.0,-0.7499999999999999
989,1.6500000000000246,-8.881784197001252e-16,-8.881784197001252e-16,0.0,-0.7499999999999999
990,1.6516666666666913,-8.881784197001252e-16,-8.881784197001252e-16,0.0,-0.7499999999999999
991,1.653333333333358,-8.881784197001252e-16,-8.881784197001252e-16,0.0,-0.7499999999999999
992,1.6550000000000247,-8.881784197001252e-16,-8.881784197001252e-16,0.0,-0.7499999999999999
993,1.6566666666666914,-8.881784197001252e-16,-8.881784197001252e-16,0.0,-0.7499999999999999
994,1.658333333333358,-8.881784197001252e-16,-8.881784197001252e-16,0.0,-0.7499999999999999
995,1.6600000000000248,-8.881784197001252e-16,-8.881784197001252e-16,0.0,-0.7499999999999999
996,1.6616666666666915,-8.881784197001252e-16,-8.881784197001252e-16,0.0,-0.7499999999999999
997,1.6633333333333582,-8.881784197001252e-16,-8.881784197001252e-16,0.0,-0.7499999999999999
998,1.665000000000025,-8.881784197001252e-16,-8.881784197001252e-16,0.0,-0.7499999999999999
999,1.6666666666666916,-8.881784197001252e-16,-8.881784197001252e-16,0.0,-0.7499999999999999
1000,1.6683333333333583,-8.881784197001252e-16,-8.881784197001252e-16,0.0,-0.7499999999999999
1001,1.670000000000025,-8.881784197001252e-16,-8.881784197001252e-16,0.0,-0.7499999999999999
1002,1.6716666666666917,-8.881784197001252e-16,-8.881784197001252e-16,0.0,-0.7499999999999999
1003,1.6733333333333584,-8.881784197001252e-16,-8.881784197001252e-16,0.0,-0.7499999999999999
1004,1.6750000000000251,-8.881784197001252e-16,-8.881784197001252e-16,0.0,-0.7499999999999999
1005,1.6766666666666918,-8.881784197001252e-16,-8.881784197001252e-16,0.0,-0.7499999999999999
1006,1.6783333333333585,-8.881784197001252e-16,-8.881784197001252e-16,0.0,-0.7499999999999999
1007,1.6800000000000253,-8.881784197001252e-16,-8.881784197001252e-16,0.0,-0.7499999999999999
1008,1.681666666666692,-8.881784197001252e-16,-8.881784197001252e-16,0.0,-0.7499999999999999
1009,1.6833333333333587,-8.881784197001252e-16,-8.881784197001252e-16,0.0,-0.7499999999999999
1010,1.6850000000000254,-8.881784197001252e-16,-8.881784197001252e-16,0.0,-0.7499999999999999
1011,1.686666666666692,-8.881784197001252e-16,-8.881784197001252e-16,0.0,-0.7499999999999999
1012,1.6883333333333588,-8.881784197001252e-16,-8.881784197001252e-16,0.0,-0.7499999999999999
1013,1.6900000000000255,-8.881784197001252e-16,-8.881784197001252e-16,0.0,-0.7499999999999999
1014,1.6916666666666922,-8.881784197001252e-16,-8.881784197001252e-16,0.0,-0.7499999999999999
1015,1.693333333333359,-8.881784197001252e-16,-8.881784197001252e-16,0.0,-0.7499999999999999
1016,1.6950000000000256,-8.881784197001252e-16,-8.881784197001252e-16,0.0,-0.7499999999999999
1017,1.6966666666666923,-8.881784197001252e-16,-8.881784197001252e-16,0.0,-0.7499999999999999
1018,1.698333333333359,-8.881784197001252e-16,-8.881784197001252e-16,0.0,-0.7499999999999999
1019,1.7000000000000257,-8.881784197001252e-16,-8.881784197001252e-16,0.0,-0.7499999999999999
1020,1.7016666666666924,-8.881784197001252e-16,-8.881784197001252e-16,0.0,-0.7499999999999999
1021,1.7033333333333591,-8.881784197001252e-16,-8.881784197001252e-16,0.0,-0.7499999999999999
1022,1.7050000000000258,-8.881784197001252e-16,-8.881784197001252e-16,0.0,-0.7499999999999999
1023,1.7066666666666925,-8.881784197001252e-16,-8.881784197001252e-16,0.0,-0.7499999999999999
1024,1.7083333333333592,-8.881784197001252e-16,-8.881784197001252e-16,0.0,-0.7499999999999999
1025,1.710000000000026,-8.881784197001252e-16,-8.881784197001252e-16,0.0,-0.7499999999999999
1026,1.7116666666666926,-8.881784197001252e-16,-8.881784197001252e-16,0.0,-0.7499999999999999
1027,1.7133333333333594,-8.881784197001252e-16,-8.881784197001252e-16,0.0,-0.7499999999999999
1028,1.715000000000026,-8.881784197001252e-16,-8.881784197001252e-16,0.0,-0.7499999999999999
1029,1.7166666666666928,-8.881784197001252e-16,-8.881784197001252e-16,0.0,-0.7499999999999999
1030,1.7183333333333595,-8.881784197001252e-16,-8.881784197001252e-16,0.0,-0.7499999999999999
1031,1.7200000000000262,-8.881784197001252e-16,-8.881784197001252e-16,0.0,-0.7499999999999999
1032,1.7216666666666929,-8.881784197001252e-16,-8.881784197001252e-16,0.0,-0.7499999999999999
1033,1.7233333333333596,-8.881784197001252e-16,-8.881784197001252e-16,0.0,-0.7499999999999999
1034,1.7250000000000263,-8.881784197001252e-16,-8.881784197001252e-16,0.0,-0.7499999999999999
1035,1.726666666666693,-8.881784197001252e-16,-8.881784197001252e-16,0.0,-0.7499999999999999
1036,1.7283333333333597,-8.881784197001252e-16,-8.881784197001252e-16,0.0,-0.7499999999999999
1037,1.7300000000000264,-8.881784197001252e-16,-8.881784197001252e-16,0.0,-0.7499999999999999
1038,1.731666666666693,-8.881784197001252e-16,-8.881784197001252e-16,0.0,-0.7499999999999999
1039,1.7333333333333598,-8.881784197001252e-16,-8.881784197001252e-16,0.0,-0.7499999999999999
1040,1.7350000000000265,-8.881784197001252e-16,-8.881784197001252e-16,0.0,-0.7499999999999999
1041,1.7366666666666932,-8.881784197001252e-16,-8.881784197001252e-16,0.0,-0.7499999999999999
1042,1.73833333333336,-8.881784197001252e-16,-8.881784197001252e-16,0.0,-0.7499999999999999
1043,1.7400000000000266,-8.881784197001252e-16,-8.881784197001252e-16,0.0,-0.7499999999999999
1044,1.7416666666666933,-8.881784197001252e-16,-8.881784197001252e-16,0.0,-0.7499999999999999
1045,1.74333333333336,-8.881784197001252e-16,-8.881784197001252e-16,0.0,-0.7499999999999999
1046,1.7450000000000268,-8.881784197001252e-16,-8.881784197001252e-16,0.0,-0.7499999999999999
1047,1.7466666666666935,-8.881784197001252e-16,-8.881784197001252e-16,0.0,-0.7499999999999999
1048,1.7483333333333602,-8.881784197001252e-16,-8.881784197001252e-16,0.0,-0.7499999999999999
1049,1.7500000000000269,-8.881784197001252e-16,-8.881784197001252e-16,0.0,-0.7499999999999999
1050,1.7516666666666936,-8.881784197001252e-16,-8.881784197001252e-16,0.0,-0.7499999999999999
1051,1.7533333333333603,-8.881784197001252e-16,-8.881784197001252e-16,0.0,-0.7499999999999999
1052,1.755000000000027,-8.881784197001252e-16,-8.881784197001252e-16,0.0,-0.7499999999999999
1053,1.7566666666666937,-8.881784197001252e-16,-8.881784197001252e-16,0.0,-0.7499999999999999
1054,1.7583333333333604,-8.881784197001252e-16,-8.881784197001252e-16,0.0,-0.7499999999999999
1055,1.760000000000027,-8.881784197001252e-16,-8.881784197001252e-16,0.0,-0.7499999999999999
1056,1.7616666666666938,-8.881784197001252e-16,-8.881784197001252e-16,0.0,-0.7499999999999999
1057,1.7633333333333605,-8.881784197001252e-16,-8.881784197001252e-16,0.0,-0.7499999999999999
1058,1.7650000000000272,-8.881784197001252e-16,-8.881784197001252e-16,0.0,-0.7499999999999999
1059,1.766666666666694,-8.881784197001252e-16,-8.881784197001252e-16,0.0,-0.7499999999999999
1060,1.7683333333333606,-8.881784197001252e-16,-8.881784197001252e-16,0.0,-0.7499999999999999
1061,1.7700000000000273,-8.881784197001252e-16,-8.881784197001252e-16,0.0,-0.7499999999999999
1062,1.771666666666694,-8.881784197001252e-16,-8.881784197001252e-16,0.0,-0.7499999999999999
1063,1.7733333333333607,-8.881784197001252e-16,-8.881784197001252e-16,0.0,-0.7499999999999999
1064,1.7750000000000274,-8.881784197001252e-16,-8.881784197001252e-16,0.0,-0.7499999999999999
1065,1.7766666666666941,-8.881784197001252e-16,-8.881784197001252e-16,0.0,-0.7499999999999999
1066,1.7783333333333609,-8.881784197001252e-16,-8.881784197001252e-16,0.0,-0.7499999999999999
1067,1.7800000000000276,-8.881784197001252e-16,-8.881784197001252e-16,0.0,-0.7499999999999999
1068,1.7816666666666943,-8.881784197001252e-16,-8.881784197001252e-16,0.0,-0.7499999999999999
1069,1.783333333333361,-8.881784197001252e-16,-8.881784197001252e-16,0.0,-0.7499999999999999
1070,1.7850000000000277,-8.881784197001252e-16,-8.881784197001252e-16,0.0,-0.7499999999999999
1071,1.7866666666666944,-8.881784197001252e-16,-8.881784197001252e-16,0.0,-0.7499999999999999
1072,1.788333333333361,-8.881784197001252e-16,-8.881784197001252e-16,0.0,-0.7499999999999999
1073,1.7900000000000278,-8.881784197001252e-16,-8.881784197001252e-16,0.0,-0.7499999999999999
1074,1.7916666666666945,-8.881784197001252e-16,-8.881784197001252e-16,0.0,-0.7499999999999999
1075,1.7933333333333612,-8.881784197001252e-16,-8.881784197001252e-16,0.0,-0.7499999999999999
1076,1.795000000000028,-8.881784197001252e-16,-8.881784197001252e-16,0.0,-0.7499999999999999
1077,1.7966666666666946,-8.881784197001252e-16,-8.881784197001252e-16,0.0,-0.7499999999999999
1078,1.7983333333333613,-8.881784197001252e-16,-8.881784197001252e-16,0.0,-0.7499999999999999
1079,1.800000000000028,-8.881784197001252e-16,-8.881784197001252e-16,0.0,-0.7499999999999999
1080,1.8016666666666947,-8.881784197001252e-16,-8.881784197001252e-16,0.0,-0.7499999999999999
1081,1.8033333333333614,-8.881784197001252e-16,-8.881784197001252e-16,0.0,-0.7499999999999999
1082,1.8050000000000281,-8.881784197001252e-16,-8.881784197001252e-16,0.0,-0.7499999999999999
1083,1.8066666666666948,-8.881784197001252e-16,-8.881784197001252e-16,0.0,-0.7499999999999999
1084,1.8083333333333615,-8.881784197001252e-16,-8.881784197001252e-16,0.0,-0.7499999999999999
1085,1.8100000000000283,-8.881784197001252e-16,-8.881784197001252e-16,0.0,-0.7499999999999999
1086,1.811666666666695,-8.881784197001252e-16,-8.881784197001252e-16,0.0,-0.7499999999999999
1087,1.8133333333333617,-8.881784197001252e-16,-8.881784197001252e-16,0.0,-0.7499999999999999
1088,1.8150000000000284,-8.881784197001252e-16,-8.881784197001252e-16,0.0,-0.7499999999999999
1089,1.816666666666695,-8.881784197001252e-16,-8.881784197001252e-16,0.0,-0.7499999999999999
1090,1.8183333333333618,-8.881784197001252e-16,-8.881784197001252e-16,0.0,-0.7499999999999999
1091,1.8200000000000285,-8.881784197001252e-16,-8.881784197001252e-16,0.0,-0.7499999999999999
1092,1.8216666666666952,-8.881784197001252e-16,-8.881784197001252e-16,0.0,-0.7499999999999999
1093,1.823333333333362,-8.881784197001252e-16,-8.881784197001252e-16,0.0,-0.7499999999999999
1094,1.8250000000000286,-8.881784197001252e-16,-8.881784197001252e-16,0.0,-0.7499999999999999
1095,1.8266666666666953,-8.881784197001252e-16,-8.881784197001252e-16,0.0,-0.7499999999999999
1096,1.828333333333362,-8.881784197001252e-16,-8.881784197001252e-16,0.0,-0.7499999999999999
1097,1.8300000000000287,-8.881784197001252e-16,-8.881784197001252e-16,0.0,-0.7499999999999999
1098,1.8316666666666954,-8.881784197001252e-16,-8.881784197001252e-16,0.0,-0.7499999999999999
1099,1.8333333333333621,-8.881784197001252e-16,-8.881784197001252e-16,0.0,-0.7499999999999999
1100,1.8350000000000288,-8.881784197001252e-16,-8.881784197001252e-16,0.0,-0.7499999999999999
1101,1.8366666666666955,-8.881784197001252e-16,-8.881784197001252e-16,0.0,-0.7499999999999999
1102,1.8383333333333622,-8.881784197001252e-16,-8.881784197001252e-16,0.0,-0.7499999999999999
1103,1.840000000000029,-8.881784197001252e-16,-8.881784197001252e-16,0.0,-0.7499999999999999
1104,1.8416666666666957,-8.881784197001252e-16,-8.881784197001252e-16,0.0,-0.7499999999999999
1105,1.8433333333333624,-8.881784197001252e-16,-8.881784197001252e-16,0.0,-0.7499999999999999
1106,1.845000000000029,-8.881784197001252e-16,-8.881784197001252e-16,0.0,-0.7499999999999999
1107,1.8466666666666958,-8.881784197001252e-16,-8.881784197001252e-16,0.0,-0.7499999999999999
1108,1.8483333333333625,-8.881784197001252e-16,-8.881784197001252e-16,0.0,-0.7499999999999999
1109,1.8500000000000292,-8.881784197001252e-16,-8.881784197001252e-16,0.0,-0.7499999999999999
1110,1.8516666666666959,-8.881784197001252e-16,-8.881784197001252e-16,0.0,-0.7499999999999999
1111,1.8533333333333626,-8.881784197001252e-16,-8.881784197001252e-16,0.0,-0.7499999999999999
1112,1.8550000000000293,-8.881784197001252e-16,-8.881784197001252e-16,0.0,-0.7499999999999999
1113,1.856666666666696,-8.881784197001252e-16,-8.881784197001252e-16,0.0,-0.7499999999999999
1114,1.8583333333333627,-8.881784197001252e-16,-8.881784197001252e-16,0.0,-0.7499999999999999
1115,1.8600000000000294,-8.881784197001252e-16,-8.881784197001252e-16,0.0,-0.7499999999999999
1116,1.8616666666666961,-8.881784197001252e-16,-8.881784197001252e-16,0.0,-0.7499999999999999
1117,1.8633333333333628,-8.881784197001252e-16,-8.881784197001252e-16,0.0,-0.7499999999999999
1118,1.8650000000000295,-8.881784197001252e-16,-8.881784197001252e-16,0.0,-0.7499999999999999
1119,1.8666666666666962,-8.881784197001252e-16,-8.881784197001252e-16,0.0,-0.7499999999999999
1120,1.868333333333363,-8.881784197001252e-16,-8.881784197001252e-16,0.0,-0.7499999999999999
1121,1.8700000000000296,-8.881784197001252e-16,-8.881784197001252e-16,0.0,-0.7499999999999999
1122,1.8716666666666963,-8.881784197001252e-16,-8.881784197001252e-16,0.0,-0.7499999999999999
1123,1.873333333333363,-8.881784197001252e-16,-8.881784197001252e-16,0.0,-0.7499999999999999
1124,1.8750000000000298,-8.881784197001252e-16,-8.881784197001252e-16,0.0,-0.7499999999999999
1125,1.8766666666666965,-8.881784197001252e-16,-8.881784197001252e-16,0.0,-0.7499999999999999
1126,1.8783333333333632,-8.881784197001252e-16,-8.881784197001252e-16,0.0,-0.7499999999999999
1127,1.8800000000000299,-8.881784197001252e-16,-8.881784197001252e-16,0.0,-0.7499999999999999
1128,1.8816666666666966,-8.881784197001252e-16,-8.881784197001252e-16,0.0,-0.7499999999999999
1129,1.8833333333333633,-8.881784197001252e-16,-8.881784197001252e-16,0.0,-0.7499999999999999
1130,1.88500000000003,-8.881784197001252e-16,-8.881784197001252e-16,0.0,-0.7499999999999999
1131,1.8866666666666967,-8.881784197001252e-16,-8.881784197001252e-16,0.0,-0.7499999999999999
1132,1.8883333333333634,-8.881784197001252e-16,-8.881784197001252e-16,0.0,-0.7499999999999999
1133,1.89000000000003,-8.881784197001252e-16,-8.881784197001252e-16,0.0,-0.7499999999999999
1134,1.8916666666666968,-8.881784197001252e-16,-8.881784197001252e-16,0.0,-0.7499999999999999
1135,1.8933333333333635,-8.881784197001252e-16,-8.881784197001252e-16,0.0,-0.7499999999999999
1136,1.8950000000000302,-8.881784197001252e-16,-8.881784197001252e-16,0.0,-0.7499999999999999
1137,1.896666666666697,-8.881784197001252e-16,-8.881784197001252e-16,0.0,-0.7499999999999999
1138,1.8983333333333636,-8.881784197001252e-16,-8.881784197001252e-16,0.0,-0.7499999999999999
1139,1.9000000000000303,-8.881784197001252e-16,-8.881784197001252e-16,0.0,-0.7499999999999999
1140,1.901666666666697,-8.881784197001252e-16,-8.881784197001252e-16,0.0,-0.7499999999999999
1141,1.9033333333333637,-8.881784197001252e-16,-8.881784197001252e-16,0.0,-0.7499999999999999
1142,1.9050000000000304,-8.881784197001252e-16,-8.881784197001252e-16,0.0,-0.7499999999999999
1143,1.9066666666666972,-8.881784197001252e-16,-8.881784197001252e-16,0.0,-0.7499999999999999
1144,1.9083333333333639,-8.881784197001252e-16,-8.881784197001252e-16,0.0,-0.7499999999999999
1145,1.9100000000000306,-8.881784197001252e-16,-8.881784197001252e-16,0.0,-0.7499999999999999
1146,1.9116666666666973,-8.881784197001252e-16,-8.881784197001252e-16,0.0,-0.7499999999999999
1147,1.913333333333364,-8.881784197001252e-16,-8.881784197001252e-16,0.0,-0.7499999999999999
1148,1.9150000000000307,-8.881784197001252e-16,-8.881784197001252e-16,0.0,-0.7499999999999999
1149,1.9166666666666974,-8.881784197001252e-16,-8.881784197001252e-16,0.0,-0.7499999999999999
1150,1.918333333333364,-8.881784197001252e-16,-8.881784197001252e-16,0.0,-0.7499999999999999
1151,1.9200000000000308,-8.881784197001252e-16,-8.881784197001252e-16,0.0,-0.7499999999999999
1152,1.9216666666666975,-8.881784197001252e-16,-8.881784197001252e-16,0.0,-0.7499999999999999
1153,1.9233333333333642,-8.881784197001252e-16,-8.881784197001252e-16,0.0,-0.7499999999999999
1154,1.925000000000031,-8.881784197001252e-16,-8.881784197001252e-16,0.0,-0.7499999999999999
1155,1.9266666666666976,-8.881784197001252e-16,-8.881784197001252e-16,0.0,-0.7499999999999999
1156,1.9283333333333643,-8.881784197001252e-16,-8.881784197001252e-16,0.0,-0.7499999999999999
1157,1.930000000000031,-8.881784197001252e-16,-8.881784197001252e-16,0.0,-0.7499999999999999
1158,1.9316666666666977,-8.881784197001252e-16,-8.881784197001252e-16,0.0,-0.7499999999999999
1159,1.9333333333333644,-8.881784197001252e-16,-8.881784197001252e-16,0.0,-0.7499999999999999
1160,1.9350000000000311,-8.881784197001252e-16,-8.881784197001252e-16,0.0,-0.7499999999999999
1161,1.9366666666666978,-8.881784197001252e-16,-8.881784197001252e-16,0.0,-0.7499999999999999
1162,1.9383333333333645,-8.881784197001252e-16,-8.881784197001252e-16,0.0,-0.7499999999999999
1163,1.9400000000000313,-8.881784197001252e-16,-8.881784197001252e-16,0.0,-0.7499999999999999
1164,1.941666666666698,-8.881784197001252e-16,-8.881784197001252e-16,0.0,-0.7499999999999999
1165,1.9433333333333647,-8.881784197001252e-16,-8.881784197001252e-16,0.0,-0.7499999999999999
1166,1.9450000000000314,-8.881784197001252e-16,-8.881784197001252e-16,0.0,-0.7499999999999999
1167,1.946666666666698,-8.881784197001252e-16,-8.881784197001252e-16,0.0,-0.7499999999999999
1168,1.9483333333333648,-8.881784197001252e-16,-8.881784197001252e-16,0.0,-0.7499999999999999
1169,1.9500000000000315,-8.881784197001252e-16,-8.881784197001252e-16,0.0,-0.7499999999999999
1170,1.9516666666666982,-8.881784197001252e-16,-8.881784197001252e-16,0.0,-0.7499999999999999
1171,1.953333333333365,-8.881784197001252e-16,-8.881784197001252e-16,0.0,-0.7499999999999999
1172,1.9550000000000316,-8.881784197001252e-16,-8.881784197001252e-16,0.0,-0.7499999999999999
1173,1.9566666666666983,-8.881784197001252e-16,-8.881784197001252e-16,0.0,-0.7499999999999999
1174,1.958333333333365,-8.881784197001252e-16,-8.881784197001252e-16,0.0,-0.7499999999999999
1175,1.9600000000000317,-8.881784197001252e-16,-8.881784197001252e-16,0.0,-0.7499999999999999
1176,1.9616666666666984,-8.881784197001252e-16,-8.881784197001252e-16,0.0,-0.7499999999999999
1177,1.9633333333333651,-8.881784197001252e-16,-8.881784197001252e-16,0.0,-0.7499999999999999
1178,1.9650000000000318,-8.881784197001252e-16,-8.881784197001252e-16,0.0,-0.7499999999999999
1179,1.9666666666666985,-8.881784197001252e-16,-8.881784197001252e-16,0.0,-0.7499999999999999
1180,1.9683333333333652,-8.881784197001252e-16,-8.881784197001252e-16,0.0,-0.7499999999999999
1181,1.970000000000032,-8.881784197001252e-16,-8.881784197001252e-16,0.0,-0.7499999999999999
1182,1.9716666666666987,-8.881784197001252e-16,-8.881784197001252e-16,0.0,-0.7499999999999999
1183,1.9733333333333654,-8.881784197001252e-16,-8.881784197001252e-16,0.0,-0.7499999999999999
1184,1.975000000000032,-8.881784197001252e-16,-8.881784197001252e-16,0.0,-0.7499999999999999
1185,1.9766666666666988,-8.881784197001252e-16,-8.881784197001252e-16,0.0,-0.7499999999999999
1186,1.9783333333333655,-8.881784197001252e-16,-8.881784197001252e-16,0.0,-0.7499999999999999
1187,1.9800000000000322,-8.881784197001252e-16,-8.881784197001252e-16,0.0,-0.7499999999999999
1188,1.9816666666666989,-8.881784197001252e-16,-8.881784197001252e-16,0.0,-0.7499999999999999
1189,1.9833333333333656,-8.881784197001252e-16,-8.881784197001252e-16,0.0,-0.7499999999999999
1190,1.9850000000000323,-8.881784197001252e-16,-8.881784197001252e-16,0.0,-0.7499999999999999
1191,1.986666666666699,-8.881784197001252e-16,-8.881784197001252e-16,0.0,-0.7499999999999999
1192,1.9883333333333657,-8.881784197001252e-16,-8.881784197001252e-16,0.0,-0.7499999999999999
1193,1.9900000000000324,-8.881784197001252e-16,-8.881784197001252e-16,0.0,-0.7499999999999999
1194,1.9916666666666991,-8.881784197001252e-16,-8.881784197001252e-16,0.0,-0.7499999999999999
1195,1.9933333333333658,-8.881784197001252e-16,-8.881784197001252e-16,0.0,-0.7499999999999999
1196,1.9950000000000325,-8.881784197001252e-16,-8.881784197001252e-16,0.0,-0.7499999999999999
1197,1.9966666666666992,-8.881784197001252e-16,-8.881784197001252e-16,0.0,-0.7499999999999999
1198,1.998333333333366,-8.881784197001252e-16,-8.881784197001252e-16,0.0,-0.7499999999999999
1199,2.0000000000000324,-8.881784197001252e-16,-8.881784197001252e-16,0.0,-0.7499999999999999
1200,2.001666666666699,-8.881784197001252e-16,-8.881784197001252e-16,0.0,-0.7499999999999999
1201,2.0033333333333654,-8.881784197001252e-16,-8.881784197001252e-16,0.0,-0.7499999999999999
1202,2.005000000000032,-8.881784197001252e-16,-8.881784197001252e-16,0.0,-0.7499999999999999
1203,2.0066666666666984,-8.881784197001252e-16,-8.881784197001252e-16,0.0,-0.7499999999999999
1204,2.008333333333365,-8.881784197001252e-16,-8.881784197001252e-16,0.0,-0.7499999999999999
1205,2.0100000000000313,-8.881784197001252e-16,-8.881784197001252e-16,0.0,-0.7499999999999999
1206,2.011666666666698,-8.881784197001252e-16,-8.881784197001252e-16,0.0,-0.7499999999999999
1207,2.0133333333333643,-8.881784197001252e-16,-8.881784197001252e-16,0.0,-0.7499999999999999
1208,2.0150000000000308,-8.881784197001252e-16,-8.881784197001252e-16,0.0,-0.7499999999999999
1209,2.0166666666666972,-8.881784197001252e-16,-8.881784197001252e-16,0.0,-0.7499999999999999
1210,2.0183333333333637,-8.881784197001252e-16,-8.881784197001252e-16,0.0,-0.7499999999999999
1211,2.02000000000003,-8.881784197001252e-16,-8.881784197001252e-16,0.0,-0.7499999999999999
1212,2.0216666666666967,-8.881784197001252e-16,-8.881784197001252e-16,0.0,-0.7499999999999999
1213,2.023333333333363,-8.881784197001252e-16,-8.881784197001252e-16,0.0,-0.7499999999999999
1214,2.0250000000000297,-8.881784197001252e-16,-8.881784197001252e-16,0.0,-0.7499999999999999
1215,2.026666666666696,-8.881784197001252e-16,-8.881784197001252e-16,0.0,-0.7499999999999999
1216,2.0283333333333626,-8.881784197001252e-16,-8.881784197001252e-16,0.0,-0.7499999999999999
1217,2.030000000000029,-8.881784197001252e-16,-8.881784197001252e-16,0.0,-0.7499999999999999
1218,2.0316666666666956,-8.881784197001252e-16,-8.881784197001252e-16,0.0,-0.7499999999999999
1219,2.033333333333362,-8.881784197001252e-16,-8.881784197001252e-16,0.0,-0.7499999999999999
1220,2.0350000000000286,-8.881784197001252e-16,-8.881784197001252e-16,0.0,-0.7499999999999999
1221,2.036666666666695,-8.881784197001252e-16,-8.881784197001252e-16,0.0,-0.7499999999999999
1222,2.0383333333333615,-8.881784197001252e-16,-8.881784197001252e-16,0.0,-0.7499999999999999
1223,2.040000000000028,-8.881784197001252e-16,-8.881784197001252e-16,0.0,-0.7499999999999999
1224,2.0416666666666945,-8.881784197001252e-16,-8.881784197001252e-16,0.0,-0.7499999999999999
1225,2.043333333333361,-8.881784197001252e-16,-8.881784197001252e-16,0.0,-0.7499999999999999
1226,2.0450000000000275,-8.881784197001252e-16,-8.881784197001252e-16,0.0,-0.7499999999999999
1227,2.046666666666694,-8.881784197001252e-16,-8.881784197001252e-16,0.0,-0.7499999999999999
1228,2.0483333333333604,-8.881784197001252e-16,-8.881784197001252e-16,0.0,-0.7499999999999999
1229,2.050000000000027,-8.881784197001252e-16,-8.881784197001252e-16,0.0,-0.7499999999999999
1230,2.0516666666666934,-8.881784197001252e-16,-8.881784197001252e-16,0.0,-0.7499999999999999
1231,2.05333333333336,-8.881784197001252e-16,-8.881784197001252e-16,0.0,-0.7499999999999999
1232,2.0550000000000264,-8.881784197001252e-16,-8.881784197001252e-16,0.0,-0.7499999999999999
1233,2.056666666666693,-8.881784197001252e-16,-8.881784197001252e-16,0.0,-0.7499999999999999
1234,2.0583333333333593,-8.881784197001252e-16,-8.881784197001252e-16,0.0,-0.7499999999999999
1235,2.060000000000026,-8.881784197001252e-16,-8.881784197001252e-16,0.0,-0.7499999999999999
1236,2.0616666666666923,-8.881784197001252e-16,-8.881784197001252e-16,0.0,-0.7499999999999999
1237,2.0633333333333588,-8.881784197001252e-16,-8.881784197001252e-16,0.0,-0.7499999999999999
1238,2.0650000000000253,-8.881784197001252e-16,-8.881784197001252e-16,0.0,-0.7499999999999999
1239,2.0666666666666917,-8.881784197001252e-16,-8.881784197001252e-16,0.0,-0.7499999999999999
1240,2.0683333333333582,-8.881784197001252e-16,-8.881784197001252e-16,0.0,-0.7499999999999999
1241,2.0700000000000247,-8.881784197001252e-16,-8.881784197001252e-16,0.0,-0.7499999999999999
1242,2.071666666666691,-8.881784197001252e-16,-8.881784197001252e-16,0.0,-0.7499999999999999
1243,2.0733333333333577,-8.881784197001252e-16,-8.881784197001252e-16,0.0,-0.7499999999999999
1244,2.075000000000024,-8.881784197001252e-16,-8.881784197001252e-16,0.0,-0.7499999999999999
1245,2.0766666666666906,-8.881784197001252e-16,-8.881784197001252e-16,0.0,-0.7499999999999999
1246,2.078333333333357,-8.881784197001252e-16,-8.881784197001252e-16,0.0,-0.7499999999999999
1247,2.0800000000000236,-8.881784197001252e-16,-8.881784197001252e-16,0.0,-0.7499999999999999
1248,2.08166666666669,-8.881784197001252e-16,-8.881784197001252e-16,0.0,-0.7499999999999999
1249,2.0833333333333566,-8.881784197001252e-16,-8.881784197001252e-16,0.0,-0.7499999999999999
1250,2.085000000000023,-8.881784197001252e-16,-8.881784197001252e-16,0.0,-0.7499999999999999
1251,2.0866666666666895,-8.881784197001252e-16,-8.881784197001252e-16,0.0,-0.7499999999999999
1252,2.088333333333356,-8.881784197001252e-16,-8.881784197001252e-16,0.0,-0.7499999999999999
1253,2.0900000000000225,-8.881784197001252e-16,-8.881784197001252e-16,0.0,-0.7499999999999999
1254,2.091666666666689,-8.881784197001252e-16,-8.881784197001252e-16,0.0,-0.7499999999999999
1255,2.0933333333333555,-8.881784197001252e-16,-8.881784197001252e-16,0.0,-0.7499999999999999
1256,2.095000000000022,-8.881784197001252e-16,-8.881784197001252e-16,0.0,-0.7499999999999999
1257,2.0966666666666884,-8.881784197001252e-16,-8.881784197001252e-16,0.0,-0.7499999999999999
1258,2.098333333333355,-8.881784197001252e-16,-8.881784197001252e-16,0.0,-0.7499999999999999
1259,2.1000000000000214,-8.881784197001252e-16,-8.881784197001252e-16,0.0,-0.7499999999999999
1260,2.101666666666688,-8.881784197001252e-16,-8.881784197001252e-16,0.0,-0.7499999999999999
1261,2.1033333333333544,-8.881784197001252e-16,-8.881784197001252e-16,0.0,-0.7499999999999999
1262,2.105000000000021,-8.881784197001252e-16,-8.881784197001252e-16,0.0,-0.7499999999999999
1263,2.1066666666666873,-8.881784197001252e-16,-8.881784197001252e-16,0.0,-0.7499999999999999
1264,2.108333333333354,-8.881784197001252e-16,-8.881784197001252e-16,0.0,-0.7499999999999999
1265,2.1100000000000203,-8.881784197001252e-16,-8.881784197001252e-16,0.0,-0.7499999999999999
1266,2.111666666666687,-8.881784197001252e-16,-8.881784197001252e-16,0.0,-0.7499999999999999
1267,2.1133333333333533,-8.881784197001252e-16,-8.881784197001252e-16,0.0,-0.7499999999999999
1268,2.1150000000000198,-8.881784197001252e-16,-8.881784197001252e-16,0.0,-0.7499999999999999
1269,2.1166666666666862,-8.881784197001252e-16,-8.881784197001252e-16,0.0,-0.7499999999999999
1270,2.1183333333333527,-8.881784197001252e-16,-8.881784197001252e-16,0.0,-0.7499999999999999
1271,2.120000000000019,-8.881784197001252e-16,-8.881784197001252e-16,0.0,-0.7499999999999999
1272,2.1216666666666857,-8.881784197001252e-16,-8.881784197001252e-16,0.0,-0.7499999999999999
1273,2.123333333333352,-8.881784197001252e-16,-8.881784197001252e-16,0.0,-0.7499999999999999
1274,2.1250000000000187,-8.881784197001252e-16,-8.881784197001252e-16,0.0,-0.7499999999999999
1275,2.126666666666685,-8.881784197001252e-16,-8.881784197001252e-16,0.0,-0.7499999999999999
1276,2.1283333333333516,-8.881784197001252e-16,-8.881784197001252e-16,0.0,-0.7499999999999999
1277,2.130000000000018,-8.881784197001252e-16,-8.881784197001252e-16,0.0,-0.7499999999999999
1278,2.1316666666666846,-8.881784197001252e-16,-8.881784197001252e-16,0.0,-0.7499999999999999
1279,2.133333333333351,-8.881784197001252e-16,-8.881784197001252e-16,0.0,-0.7499999999999999
1280,2.1350000000000176,-8.881784197001252e-16,-8.881784197001252e-16,0.0,-0.7499999999999999
1281,2.136666666666684,-8.881784197001252e-16,-8.881784197001252e-16,0.0,-0.7499999999999999
1282,2.1383333333333505,-8.881784197001252e-16,-8.881784197001252e-16,0.0,-0.7499999999999999
1283,2.140000000000017,-8.881784197001252e-16,-8.881784197001252e-16,0.0,-0.7499999999999999
1284,2.1416666666666835,-8.881784197001252e-16,-8.881784197001252e-16,0.0,-0.7499999999999999
1285,2.14333333333335,-8.881784197001252e-16,-8.881784197001252e-16,0.0,-0.7499999999999999
1286,2.1450000000000164,-8.881784197001252e-16,-8.881784197001252e-16,0.0,-0.7499999999999999
1287,2.146666666666683,-8.881784197001252e-16,-8.881784197001252e-16,0.0,-0.7499999999999999
1288,2.1483333333333494,-8.881784197001252e-16,-8.881784197001252e-16,0.0,-0.7499999999999999
1289,2.150000000000016,-8.881784197001252e-16,-8.881784197001252e-16,0.0,-0.7499999999999999
1290,2.1516666666666824,-8.881784197001252e-16,-8.881784197001252e-16,0.0,-0.7499999999999999
1291,2.153333333333349,-8.881784197001252e-16,-8.881784197001252e-16,0.0,-0.7499999999999999
1292,2.1550000000000153,-8.881784197001252e-16,-8.881784197001252e-16,0.0,-0.7499999999999999
1293,2.156666666666682,-8.881784197001252e-16,-8.881784197001252e-16,0.0,-0.7499999999999999
1294,2.1583333333333483,-8.881784197001252e-16,-8.881784197001252e-16,0.0,-0.7499999999999999
1295,2.160000000000015,-8.881784197001252e-16,-8.881784197001252e-16,0.0,-0.7499999999999999
1296,2.1616666666666813,-8.881784197001252e-16,-8.881784197001252e-16,0.0,-0.7499999999999999
1297,2.1633333333333478,-8.881784197001252e-16,-8.881784197001252e-16,0.0,-0.7499999999999999
1298,2.1650000000000142,-8.881784197001252e-16,-8.881784197001252e-16,0.0,-0.7499999999999999
1299,2.1666666666666807,-8.881784197001252e-16,-8.881784197001252e-16,0.0,-0.7499999999999999
1300,2.168333333333347,-8.881784197001252e-16,-8.881784197001252e-16,0.0,-0.7499999999999999
1301,2.1700000000000137,-8.881784197001252e-16,-8.881784197001252e-16,0.0,-0.7499999999999999
1302,2.17166666666668,-8.881784197001252e-16,-8.881784197001252e-16,0.0,-0.7499999999999999
1303,2.1733333333333467,-8.881784197001252e-16,-8.881784197001252e-16,0.0,-0.7499999999999999
1304,2.175000000000013,-8.881784197001252e-16,-8.881784197001252e-16,0.0,-0.7499999999999999
1305,2.1766666666666796,-8.881784197001252e-16,-8.881784197001252e-16,0.0,-0.7499999999999999
1306,2.178333333333346,-8.881784197001252e-16,-8.881784197001252e-16,0.0,-0.7499999999999999
1307,2.1800000000000126,-8.881784197001252e-16,-8.881784197001252e-16,0.0,-0.7499999999999999
1308,2.181666666666679,-8.881784197001252e-16,-8.881784197001252e-16,0.0,-0.7499999999999999
1309,2.1833333333333456,-8.881784197001252e-16,-8.881784197001252e-16,0.0,-0.7499999999999999
1310,2.185000000000012,-8.881784197001252e-16,-8.881784197001252e-16,0.0,-0.7499999999999999
1311,2.1866666666666785,-8.881784197001252e-16,-8.881784197001252e-16,0.0,-0.7499999999999999
1312,2.188333333333345,-8.881784197001252e-16,-8.881784197001252e-16,0.0,-0.7499999999999999
1313,2.1900000000000115,-8.881784197001252e-16,-8.881784197001252e-16,0.0,-0.7499999999999999
1314,2.191666666666678,-8.881784197001252e-16,-8.881784197001252e-16,0.0,-0.7499999999999999
1315,2.1933333333333445,-8.881784197001252e-16,-8.881784197001252e-16,0.0,-0.7499999999999999
1316,2.195000000000011,-8.881784197001252e-16,-8.881784197001252e-16,0.0,-0.7499999999999999
1317,2.1966666666666774,-8.881784197001252e-16,-8.881784197001252e-16,0.0,-0.7499999999999999
1318,2.198333333333344,-8.881784197001252e-16,-8.881784197001252e-16,0.0,-0.7499999999999999
1319,2.2000000000000104,-8.881784197001252e-16,-8.881784197001252e-16,0.0,-0.7499999999999999
1320,2.201666666666677,-8.881784197001252e-16,-8.881784197001252e-16,0.0,-0.7499999999999999
1321,2.2033333333333434,-8.881784197001252e-16,-8.881784197001252e-16,0.0,-0.7499999999999999
1322,2.20500000000001,-8.881784197001252e-16,-8.881784197001252e-16,0.0,-0.7499999999999999
1323,2.2066666666666763,-8.881784197001252e-16,-8.881784197001252e-16,0.0,-0.7499999999999999
1324,2.208333333333343,-8.881784197001252e-16,-8.881784197001252e-16,0.0,-0.7499999999999999
1325,2.2100000000000093,-8.881784197001252e-16,-8.881784197001252e-16,0.0,-0.7499999999999999
1326,2.2116666666666758,-8.881784197001252e-16,-8.881784197001252e-16,0.0,-0.7499999999999999
1327,2.2133333333333423,-8.881784197001252e-16,-8.881784197001252e-16,0.0,-0.7499999999999999
1328,2.2150000000000087,-8.881784197001252e-16,-8.881784197001252e-16,0.0,-0.7499999999999999
1329,2.2166666666666752,-8.881784197001252e-16,-8.881784197001252e-16,0.0,-0.7499999999999999
1330,2.2183333333333417,-8.881784197001252e-16,-8.881784197001252e-16,0.0,-0.7499999999999999
1331,2.220000000000008,-8.881784197001252e-16,-8.881784197001252e-16,0.0,-0.7499999999999999
1332,2.2216666666666747,-8.881784197001252e-16,-8.881784197001252e-16,0.0,-0.7499999999999999
1333,2.223333333333341,-8.881784197001252e-16,-8.881784197001252e-16,0.0,-0.7499999999999999
1334,2.2250000000000076,-8.881784197001252e-16,-8.881784197001252e-16,0.0,-0.7499999999999999
1335,2.226666666666674,-8.881784197001252e-16,-8.881784197001252e-16,0.0,-0.7499999999999999
1336,2.2283333333333406,-8.881784197001252e-16,-8.881784197001252e-16,0.0,-0.7499999999999999
1337,2.230000000000007,-8.881784197001252e-16,-8.881784197001252e-16,0.0,-0.7499999999999999
1338,2.2316666666666736,-8.881784197001252e-16,-8.881784197001252e-16,0.0,-0.7499999999999999
1339,2.23333333333334,-8.881784197001252e-16,-8.881784197001252e-16,0.0,-0.7499999999999999
1340,2.2350000000000065,-8.881784197001252e-16,-8.881784197001252e-16,0.0,-0.7499999999999999
1341,2.236666666666673,-8.881784197001252e-16,-8.881784197001252e-16,0.0,-0.7499999999999999
1342,2.2383333333333395,-8.881784197001252e-16,-8.881784197001252e-16,0.0,-0.7499999999999999
1343,2.240000000000006,-8.881784197001252e-16,-8.881784197001252e-16,0.0,-0.7499999999999999
1344,2.2416666666666725,-8.881784197001252e-16,-8.881784197001252e-16,0.0,-0.7499999999999999
1345,2.243333333333339,-8.881784197001252e-16,-8.881784197001252e-16,0.0,-0.7499999999999999
1346,2.2450000000000054,-8.881784197001252e-16,-8.881784197001252e-16,0.0,-0.7499999999999999
1347,2.246666666666672,-8.881784197001252e-16,-8.881784197001252e-16,0.0,-0.7499999999999999
1348,2.2483333333333384,-8.881784197001252e-16,-8.881784197001252e-16,0.0,-0.7499999999999999
1349,2.250000000000005,-8.881784197001252e-16,-8.881784197001252e-16,0.0,-0.7499999999999999
1350,2.2516666666666714,-8.881784197001252e-16,-8.881784197001252e-16,0.0,-0.7499999999999999
1351,2.253333333333338,-8.881784197001252e-16,-8.881784197001252e-16,0.0,-0.7499999999999999
1352,2.2550000000000043,-8.881784197001252e-16,-8.881784197001252e-16,0.0,-0.7499999999999999
1353,2.256666666666671,-8.881784197001252e-16,-8.881784197001252e-16,0.0,-0.7499999999999999
1354,2.2583333333333373,-8.881784197001252e-16,-8.881784197001252e-16,0.0,-0.7499999999999999
1355,2.260000000000004,-8.881784197001252e-16,-8.881784197001252e-16,0.0,-0.7499999999999999
1356,2.2616666666666703,-8.881784197001252e-16,-8.881784197001252e-16,0.0,-0.7499999999999999
1357,2.2633333333333367,-8.881784197001252e-16,-8.881784197001252e-16,0.0,-0.7499999999999999
1358,2.2650000000000032,-8.881784197001252e-16,-8.881784197001252e-16,0.0,-0.7499999999999999
1359,2.2666666666666697,-8.881784197001252e-16,-8.881784197001252e-16,0.0,-0.7499999999999999
1360,2.268333333333336,-8.881784197001252e-16,-8.881784197001252e-16,0.0,-0.7499999999999999
1361,2.2700000000000027,-8.881784197001252e-16,-8.881784197001252e-16,0.0,-0.7499999999999999
1362,2.271666666666669,-8.881784197001252e-16,-8.881784197001252e-16,0.0,-0.7499999999999999
1363,2.2733333333333356,-8.881784197001252e-16,-8.881784197001252e-16,0.0,-0.7499999999999999
1364,2.275000000000002,-8.881784197001252e-16,-8.881784197001252e-16,0.0,-0.7499999999999999
1365,2.2766666666666686,-8.881784197001252e-16,-8.881784197001252e-16,0.0,-0.7499999999999999
1366,2.278333333333335,-8.881784197001252e-16,-8.881784197001252e-16,0.0,-0.7499999999999999
1367,2.2800000000000016,-8.881784197001252e-16,-8.881784197001252e-16,0.0,-0.7499999999999999
1368,2.281666666666668,-8.881784197001252e-16,-8.881784197001252e-16,0.0,-0.7499999999999999
1369,2.2833333333333345,-8.881784197001252e-16,-8.881784197001252e-16,0.0,-0.7499999999999999
1370,2.285000000000001,-8.881784197001252e-16,-8.881784197001252e-16,0.0,-0.7499999999999999
1371,2.2866666666666675,-8.881784197001252e-16,-8.881784197001252e-16,0.0,-0.7499999999999999
1372,2.288333333333334,-8.881784197001252e-16,-8.881784197001252e-16,0.0,-0.7499999999999999
1373,2.2900000000000005,-8.881784197001252e-16,-8.881784197001252e-16,0.0,-0.7499999999999999
1374,2.291666666666667,-8.881784197001252e-16,-8.881784197001252e-16,0.0,-0.7499999999999999
1375,2.2933333333333334,-8.881784197001252e-16,-8.881784197001252e-16,0.0,-0.7499999999999999
1376,2.295,-8.881784197001252e-16,-8.881784197001252e-16,0.0,-0.7499999999999999
1377,2.2966666666666664,-8.881784197001252e-16,-8.881784197001252e-16,0.0,-0.7499999999999999
1378,2.298333333333333,-8.881784197001252e-16,-8.881784197001252e-16,0.0,-0.7499999999999999
1379,2.2999999999999994,-8.881784197001252e-16,-8.881784197001252e-16,0.0,-0.7499999999999999
1380,2.301666666666666,-8.881784197001252e-16,-8.881784197001252e-16,0.0,-0.7499999999999999
1381,2.3033333333333323,-8.881784197001252e-16,-8.881784197001252e-16,0.0,-0.7499999999999999
1382,2.304999999999999,-8.881784197001252e-16,-8.881784197001252e-16,0.0,-0.7499999999999999
1383,2.3066666666666653,-8.881784197001252e-16,-8.881784197001252e-16,0.0,-0.7499999999999999
1384,2.308333333333332,-8.881784197001252e-16,-8.881784197001252e-16,0.0,-0.7499999999999999
1385,2.3099999999999983,-8.881784197001252e-16,-8.881784197001252e-16,0.0,-0.7499999999999999
1386,2.3116666666666648,-8.881784197001252e-16,-8.881784197001252e-16,0.0,-0.7499999999999999
1387,2.3133333333333312,-8.881784197001252e-16,-8.881784197001252e-16,0.0,-0.7499999999999999
1388,2.3149999999999977,-8.881784197001252e-16,-8.881784197001252e-16,0.0,-0.7499999999999999
1389,2.316666666666664,-8.881784197001252e-16,-8.881784197001252e-16,0.0,-0.7499999999999999
1390,2.3183333333333307,-8.881784197001252e-16,-8.881784197001252e-16,0.0,-0.7499999999999999
1391,2.319999999999997,-8.881784197001252e-16,-8.881784197001252e-16,0.0,-0.7499999999999999
1392,2.3216666666666637,-8.881784197001252e-16,-8.881784197001252e-16,0.0,-0.7499999999999999
1393,2.32333333333333,-8.881784197001252e-16,-8.881784197001252e-16,0.0,-0.7499999999999999
1394,2.3249999999999966,-8.881784197001252e-16,-8.881784197001252e-16,0.0,-0.7499999999999999
1395,2.326666666666663,-8.881784197001252e-16,-8.881784197001252e-16,0.0,-0.7499999999999999
1396,2.3283333333333296,-8.881784197001252e-16,-8.881784197001252e-16,0.0,-0.7499999999999999
1397,2.329999999999996,-8.881784197001252e-16,-8.881784197001252e-16,0.0,-0.7499999999999999
1398,2.3316666666666626,-8.881784197001252e-16,-8.881784197001252e-16,0.0,-0.7499999999999999
1399,2.333333333333329,-8.881784197001252e-16,-8.881784197001252e-16,0.0,-0.7499999999999999
1400,2.3349999999999955,-8.881784197001252e-16,-8.881784197001252e-16,0.0,-0.7499999999999999
1401,2.336666666666662,-8.881784197001252e-16,-8.881784197001252e-16,0.0,-0.7499999999999999
1402,2.3383333333333285,-8.881784197001252e-16,-8.881784197001252e-16,0.0,-0.7499999999999999
1403,2.339999999999995,-8.881784197001252e-16,-8.881784197001252e-16,0.0,-0.7499999999999999
1404,2.3416666666666615,-8.881784197001252e-16,-8.881784197001252e-16,0.0,-0.7499999999999999
1405,2.343333333333328,-8.881784197001252e-16,-8.881784197001252e-16,0.0,-0.7499999999999999
1406,2.3449999999999944,-8.881784197001252e-16,-8.881784197001252e-16,0.0,-0.7499999999999999
1407,2.346666666666661,-8.881784197001252e-16,-8.881784197001252e-16,0.0,-0.7499999999999999
1408,2.3483333333333274,-8.881784197001252e-16,-8.881784197001252e-16,0.0,-0.7499999999999999
1409,2.349999999999994,-8.881784197001252e-16,-8.881784197001252e-16,0.0,-0.7499999999999999
1410,2.3516666666666604,-8.881784197001252e-16,-8.881784197001252e-16,0.0,-0.7499999999999999
1411,2.353333333333327,-8.881784197001252e-16,-8.881784197001252e-16,0.0,-0.7499999999999999
1412,2.3549999999999933,-8.881784197001252e-16,-8.881784197001252e-16,0.0,-0.7499999999999999
1413,2.35666666666666,-8.881784197001252e-16,-8.881784197001252e-16,0.0,-0.7499999999999999
1414,2.3583333333333263,-8.881784197001252e-16,-8.881784197001252e-16,0.0,-0.7499999999999999
1415,2.3599999999999928,-8.881784197001252e-16,-8.881784197001252e-16,0.0,-0.7499999999999999
1416,2.3616666666666593,-8.881784197001252e-16,-8.881784197001252e-16,0.0,-0.7499999999999999
1417,2.3633333333333257,-8.881784197001252e-16,-8.881784197001252e-16,0.0,-0.7499999999999999
1418,2.364999999999992,-8.881784197001252e-16,-8.881784197001252e-16,0.0,-0.7499999999999999
1419,2.3666666666666587,-8.881784197001252e-16,-8.881784197001252e-16,0.0,-0.7499999999999999
1420,2.368333333333325,-8.881784197001252e-16,-8.881784197001252e-16,0.0,-0.7499999999999999
1421,2.3699999999999917,-8.881784197001252e-16,-8.881784197001252e-16,0.0,-0.7499999999999999
1422,2.371666666666658,-8.881784197001252e-16,-8.881784197001252e-16,0.0,-0.7499999999999999
1423,2.3733333333333246,-8.881784197001252e-16,-8.881784197001252e-16,0.0,-0.7499999999999999
1424,2.374999999999991,-8.881784197001252e-16,-8.881784197001252e-16,0.0,-0.7499999999999999
1425,2.3766666666666576,-8.881784197001252e-16,-8.881784197001252e-16,0.0,-0.7499999999999999
1426,2.378333333333324,-8.881784197001252e-16,-8.881784197001252e-16,0.0,-0.7499999999999999
1427,2.3799999999999906,-8.881784197001252e-16,-8.881784197001252e-16,0.0,-0.7499999999999999
1428,2.381666666666657,-8.881784197001252e-16,-8.881784197001252e-16,0.0,-0.7499999999999999
1429,2.3833333333333235,-8.881784197001252e-16,-8.881784197001252e-16,0.0,-0.7499999999999999
1430,2.38499999999999,-8.881784197001252e-16,-8.881784197001252e-16,0.0,-0.7499999999999999
1431,2.3866666666666565,-8.881784197001252e-16,-8.881784197001252e-16,0.0,-0.7499999999999999
1432,2.388333333333323,-8.881784197001252e-16,-8.881784197001252e-16,0.0,-0.7499999999999999
1433,2.3899999999999895,-8.881784197001252e-16,-8.881784197001252e-16,0.0,-0.7499999999999999
1434,2.391666666666656,-8.881784197001252e-16,-8.881784197001252e-16,0.0,-0.7499999999999999
1435,2.3933333333333224,-8.881784197001252e-16,-8.881784197001252e-16,0.0,-0.7499999999999999
1436,2.394999999999989,-8.881784197001252e-16,-8.881784197001252e-16,0.0,-0.7499999999999999
1437,2.3966666666666554,-8.881784197001252e-16,-8.881784197001252e-16,0.0,-0.7499999999999999
1438,2.398333333333322,-8.881784197001252e-16,-8.881784197001252e-16,0.0,-0.7499999999999999
1439,2.3999999999999884,-8.881784197001252e-16,-8.881784197001252e-16,0.0,-0.7499999999999999
1440,2.401666666666655,-8.881784197001252e-16,-8.881784197001252e-16,0.0,-0.7499999999999999
1441,2.4033333333333213,-8.881784197001252e-16,-8.881784197001252e-16,0.0,-0.7499999999999999
1442,2.404999999999988,-8.881784197001252e-16,-8.881784197001252e-16,0.0,-0.7499999999999999
1443,2.4066666666666543,-8.881784197001252e-16,-8.881784197001252e-16,0.0,-0.7499999999999999
1444,2.408333333333321,-8.881784197001252e-16,-8.881784197001252e-16,0.0,-0.7499999999999999
1445,2.4099999999999873,-8.881784197001252e-16,-8.881784197001252e-16,0.0,-0.7499999999999999
1446,2.4116666666666537,-8.881784197001252e-16,-8.881784197001252e-16,0.0,-0.7499999999999999
1447,2.4133333333333202,-8.881784197001252e-16,-8.881784197001252e-16,0.0,-0.7499999999999999
1448,2.4149999999999867,-8.881784197001252e-16,-8.881784197001252e-16,0.0,-0.7499999999999999
1449,2.416666666666653,-8.881784197001252e-16,-8.881784197001252e-16,0.0,-0.7499999999999999
1450,2.4183333333333197,-8.881784197001252e-16,-8.881784197001252e-16,0.0,-0.7499999999999999
1451,2.419999999999986,-8.881784197001252e-16,-8.881784197001252e-16,0.0,-0.7499999999999999
1452,2.4216666666666526,-8.881784197001252e-16,-8.881784197001252e-16,0.0,-0.7499999999999999
1453,2.423333333333319,-8.881784197001252e-16,-8.881784197001252e-16,0.0,-0.7499999999999999
1454,2.4249999999999856,-8.881784197001252e-16,-8.881784197001252e-16,0.0,-0.7499999999999999
1455,2.426666666666652,-8.881784197001252e-16,-8.881784197001252e-16,0.0,-0.7499999999999999
1456,2.4283333333333186,-8.881784197001252e-16,-8.881784197001252e-16,0.0,-0.7499999999999999
1457,2.429999999999985,-8.881784197001252e-16,-8.881784197001252e-16,0.0,-0.7499999999999999
1458,2.4316666666666515,-8.881784197001252e-16,-8.881784197001252e-16,0.0,-0.7499999999999999
1459,2.433333333333318,-8.881784197001252e-16,-8.881784197001252e-16,0.0,-0.7499999999999999
1460,2.4349999999999845,-8.881784197001252e-16,-8.881784197001252e-16,0.0,-0.7499999999999999
1461,2.436666666666651,-8.881784197001252e-16,-8.881784197001252e-16,0.0,-0.7499999999999999
1462,2.4383333333333175,-8.881784197001252e-16,-8.881784197001252e-16,0.0,-0.7499999999999999
1463,2.439999999999984,-8.881784197001252e-16,-8.881784197001252e-16,0.0,-0.7499999999999999
1464,2.4416666666666504,-8.881784197001252e-16,-8.881784197001252e-16,0.0,-0.7499999999999999
1465,2.443333333333317,-8.881784197001252e-16,-8.881784197001252e-16,0.0,-0.7499999999999999
1466,2.4449999999999834,-8.881784197001252e-16,-8.881784197001252e-16,0.0,-0.7499999999999999
1467,2.44666666666665,-8.881784197001252e-16,-8.881784197001252e-16,0.0,-0.7499999999999999
1468,2.4483333333333164,-8.881784197001252e-16,-8.881784197001252e-16,0.0,-0.7499999999999999
1469,2.449999999999983,-8.881784197001252e-16,-8.881784197001252e-16,0.0,-0.7499999999999999
1470,2.4516666666666493,-8.881784197001252e-16,-8.881784197001252e-16,0.0,-0.7499999999999999
1471,2.453333333333316,-8.881784197001252e-16,-8.881784197001252e-16,0.0,-0.7499999999999999
1472,2.4549999999999823,-8.881784197001252e-16,-8.881784197001252e-16,0.0,-0.7499999999999999
1473,2.456666666666649,-8.881784197001252e-16,-8.881784197001252e-16,0.0,-0.7499999999999999
1474,2.4583333333333153,-8.881784197001252e-16,-8.881784197001252e-16,0.0,-0.7499999999999999
1475,2.4599999999999818,-8.881784197001252e-16,-8.881784197001252e-16,0.0,-0.7499999999999999
1476,2.4616666666666482,-8.881784197001252e-16,-8.881784197001252e-16,0.0,-0.7499999999999999
1477,2.4633333333333147,-8.881784197001252e-16,-8.881784197001252e-16,0.0,-0.7499999999999999
1478,2.464999999999981,-8.881784197001252e-16,-8.881784197001252e-16,0.0,-0.7499999999999999
1479,2.4666666666666477,-8.881784197001252e-16,-8.881784197001252e-16,0.0,-0.7499999999999999
1480,2.468333333333314,-8.881784197001252e-16,-8.881784197001252e-16,0.0,-0.7499999999999999
1481,2.4699999999999807,-8.881784197001252e-16,-8.881784197001252e-16,0.0,-0.7499999999999999
1482,2.471666666666647,-8.881784197001252e-16,-8.881784197001252e-16,0.0,-0.7499999999999999
1483,2.4733333333333136,-8.881784197001252e-16,-8.881784197001252e-16,0.0,-0.7499999999999999
1484,2.47499999999998,-8.881784197001252e-16,-8.881784197001252e-16,0.0,-0.7499999999999999
1485,2.4766666666666466,-8.881784197001252e-16,-8.881784197001252e-16,0.0,-0.7499999999999999
1486,2.478333333333313,-8.881784197001252e-16,-8.881784197001252e-16,0.0,-0.7499999999999999
1487,2.4799999999999796,-8.881784197001252e-16,-8.881784197001252e-16,0.0,-0.7499999999999999
1488,2.481666666666646,-8.881784197001252e-16,-8.881784197001252e-16,0.0,-0.7499999999999999
1489,2.4833333333333125,-8.881784197001252e-16,-8.881784197001252e-16,0.0,-0.7499999999999999
1490,2.484999999999979,-8.881784197001252e-16,-8.881784197001252e-16,0.0,-0.7499999999999999
1491,2.4866666666666455,-8.881784197001252e-16,-8.881784197001252e-16,0.0,-0.7499999999999999
1492,2.488333333333312,-8.881784197001252e-16,-8.881784197001252e-16,0.0,-0.7499999999999999
1493,2.4899999999999785,-8.881784197001252e-16,-8.881784197001252e-16,0.0,-0.7499999999999999
1494,2.491666666666645,-8.881784197001252e-16,-8.881784197001252e-16,0.0,-0.7499999999999999
1495,2.4933333333333114,-8.881784197001252e-16,-8.881784197001252e-16,0.0,-0.7499999999999999
1496,2.494999999999978,-8.881784197001252e-16,-8.881784197001252e-16,0.0,-0.7499999999999999
1497,2.4966666666666444,-8.881784197001252e-16,-8.881784197001252e-16,0.0,-0.7499999999999999
1498,2.498333333333311,-8.881784197001252e-16,-8.881784197001252e-16,0.0,-0.7499999999999999
1499,2.4999999999999774,-8.881784197001252e-16,-8.881784197001252e-16,0.0,-0.7499999999999999
1500,2.501666666666644,-8.881784197001252e-16,-8.881784197001252e-16,0.0,-0.7499999999999999
1501,2.5033333333333103,-8.881784197001252e-16,-8.881784197001252e-16,0.0,-0.7499999999999999
1502,2.504999999999977,-8.881784197001252e-16,-8.881784197001252e-16,0.0,-0.7499999999999999
1503,2.5066666666666433,-8.881784197001252e-16,-8.881784197001252e-16,0.0,-0.7499999999999999
1504,2.5083333333333098,-8.881784197001252e-16,-8.881784197001252e-16,0.0,-0.7499999999999999
1505,2.5099999999999763,-8.881784197001252e-16,-8.881784197001252e-16,0.0,-0.7499999999999999
1506,2.5116666666666427,-8.881784197001252e-16,-8.881784197001252e-16,0.0,-0.7499999999999999
1507,2.513333333333309,-8.881784197001252e-16,-8.881784197001252e-16,0.0,-0.7499999999999999
1508,2.5149999999999757,-8.881784197001252e-16,-8.881784197001252e-16,0.0,-0.7499999999999999
1509,2.516666666666642,-8.881784197001252e-16,-8.881784197001252e-16,0.0,-0.7499999999999999
1510,2.5183333333333087,-8.881784197001252e-16,-8.881784197001252e-16,0.0,-0.7499999999999999
1511,2.519999999999975,-8.881784197001252e-16,-8.881784197001252e-16,0.0,-0.7499999999999999
1512,2.5216666666666416,-8.881784197001252e-16,-8.881784197001252e-16,0.0,-0.7499999999999999
1513,2.523333333333308,-8.881784197001252e-16,-8.881784197001252e-16,0.0,-0.7499999999999999
1514,2.5249999999999746,-8.881784197001252e-16,-8.881784197001252e-16,0.0,-0.7499999999999999
1515,2.526666666666641,-8.881784197001252e-16,-8.881784197001252e-16,0.0,-0.7499999999999999
1516,2.5283333333333076,-8.881784197001252e-16,-8.881784197001252e-16,0.0,-0.7499999999999999
1517,2.529999999999974,-8.881784197001252e-16,-8.881784197001252e-16,0.0,-0.7499999999999999
1518,2.5316666666666405,-8.881784197001252e-16,-8.881784197001252e-16,0.0,-0.7499999999999999
1519,2.533333333333307,-8.881784197001252e-16,-8.881784197001252e-16,0.0,-0.7499999999999999
1520,2.5349999999999735,-8.881784197001252e-16,-8.881784197001252e-16,0.0,-0.7499999999999999
1521,2.53666666666664,-8.881784197001252e-16,-8.881784197001252e-16,0.0,-0.7499999999999999
1522,2.5383333333333065,-8.881784197001252e-16,-8.881784197001252e-16,0.0,-0.7499999999999999
1523,2.539999999999973,-8.881784197001252e-16,-8.881784197001252e-16,0.0,-0.7499999999999999
1524,2.5416666666666394,-8.881784197001252e-16,-8.881784197001252e-16,0.0,-0.7499999999999999
1525,2.543333333333306,-8.881784197001252e-16,-8.881784197001252e-16,0.0,-0.7499999999999999
1526,2.5449999999999724,-8.881784197001252e-16,-8.881784197001252e-16,0.0,-0.7499999999999999
1527,2.546666666666639,-8.881784197001252e-16,-8.881784197001252e-16,0.0,-0.7499999999999999
1528,2.5483333333333054,-8.881784197001252e-16,-8.881784197001252e-16,0.0,-0.7499999999999999
1529,2.549999999999972,-8.881784197001252e-16,-8.881784197001252e-16,0.0,-0.7499999999999999
1530,2.5516666666666383,-8.881784197001252e-16,-8.881784197001252e-16,0.0,-0.7499999999999999
1531,2.553333333333305,-8.881784197001252e-16,-8.881784197001252e-16,0.0,-0.7499999999999999
1532,2.5549999999999713,-8.881784197001252e-16,-8.881784197001252e-16,0.0,-0.7499999999999999
1533,2.5566666666666378,-8.881784197001252e-16,-8.881784197001252e-16,0.0,-0.7499999999999999
1534,2.5583333333333043,-8.881784197001252e-16,-8.881784197001252e-16,0.0,-0.7499999999999999
1535,2.5599999999999707,-8.881784197001252e-16,-8.881784197001252e-16,0.0,-0.7499999999999999
1536,2.5616666666666372,-8.881784197001252e-16,-8.881784197001252e-16,0.0,-0.7499999999999999
1537,2.5633333333333037,-8.881784197001252e-16,-8.881784197001252e-16,0.0,-0.7499999999999999
1538,2.56499999999997,-8.881784197001252e-16,-8.881784197001252e-16,0.0,-0.7499999999999999
1539,2.5666666666666367,-8.881784197001252e-16,-8.881784197001252e-16,0.0,-0.7499999999999999
1540,2.568333333333303,-8.881784197001252e-16,-8.881784197001252e-16,0.0,-0.7499999999999999
1541,2.5699999999999696,-8.881784197001252e-16,-8.881784197001252e-16,0.0,-0.7499999999999999
1542,2.571666666666636,-8.881784197001252e-16,-8.881784197001252e-16,0.0,-0.7499999999999999
1543,2.5733333333333026,-8.881784197001252e-16,-8.881784197001252e-16,0.0,-0.7499999999999999
1544,2.574999999999969,-8.881784197001252e-16,-8.881784197001252e-16,0.0,-0.7499999999999999
1545,2.5766666666666356,-8.881784197001252e-16,-8.881784197001252e-16,0.0,-0.7499999999999999
1546,2.578333333333302,-8.881784197001252e-16,-8.881784197001252e-16,0.0,-0.7499999999999999
1547,2.5799999999999685,-8.881784197001252e-16,-8.881784197001252e-16,0.0,-0.7499999999999999
1548,2.581666666666635,-8.881784197001252e-16,-8.881784197001252e-16,0.0,-0.7499999999999999
1549,2.5833333333333015,-8.881784197001252e-16,-8.881784197001252e-16,0.0,-0.7499999999999999
1550,2.584999999999968,-8.881784197001252e-16,-8.881784197001252e-16,0.0,-0.7499999999999999
1551,2.5866666666666345,-8.881784197001252e-16,-8.881784197001252e-16,0.0,-0.7499999999999999
1552,2.588333333333301,-8.881784197001252e-16,-8.881784197001252e-16,0.0,-0.7499999999999999
1553,2.5899999999999674,-8.881784197001252e-16,-8.881784197001252e-16,0.0,-0.7499999999999999
1554,2.591666666666634,-8.881784197001252e-16,-8.881784197001252e-16,0.0,-0.7499999999999999
1555,2.5933333333333004,-8.881784197001252e-16,-8.881784197001252e-16,0.0,-0.7499999999999999
1556,2.594999999999967,-8.881784197001252e-16,-8.881784197001252e-16,0.0,-0.7499999999999999
1557,2.5966666666666334,-8.881784197001252e-16,-8.881784197001252e-16,0.0,-0.7499999999999999
1558,2.5983333333333,-8.881784197001252e-16,-8.881784197001252e-16,0.0,-0.7499999999999999
1559,2.5999999999999663,-8.881784197001252e-16,-8.881784197001252e-16,0.0,-0.7499999999999999
1560,2.601666666666633,-8.881784197001252e-16,-8.881784197001252e-16,0.0,-0.7499999999999999
1561,2.6033333333332993,-8.881784197001252e-16,-8.881784197001252e-16,0.0,-0.7499999999999999
1562,2.604999999999966,-8.881784197001252e-16,-8.881784197001252e-16,0.0,-0.7499999999999999
1563,2.6066666666666323,-8.881784197001252e-16,-8.881784197001252e-16,0.0,-0.7499999999999999
1564,2.6083333333332988,-8.881784197001252e-16,-8.881784197001252e-16,0.0,-0.7499999999999999
1565,2.6099999999999652,-8.881784197001252e-16,-8.881784197001252e-16,0.0,-0.7499999999999999
1566,2.6116666666666317,-8.881784197001252e-16,-8.881784197001252e-16,0.0,-0.7499999999999999
1567,2.613333333333298,-8.881784197001252e-16,-8.881784197001252e-16,0.0,-0.7499999999999999
1568,2.6149999999999647,-8.881784197001252e-16,-8.881784197001252e-16,0.0,-0.7499999999999999
1569,2.616666666666631,-8.881784197001252e-16,-8.881784197001252e-16,0.0,-0.7499999999999999
1570,2.6183333333332977,-8.881784197001252e-16,-8.881784197001252e-16,0.0,-0.7499999999999999
1571,2.619999999999964,-8.881784197001252e-16,-8.881784197001252e-16,0.0,-0.7499999999999999
1572,2.6216666666666306,-8.881784197001252e-16,-8.881784197001252e-16,0.0,-0.7499999999999999
1573,2.623333333333297,-8.881784197001252e-16,-8.881784197001252e-16,0.0,-0.7499999999999999
1574,2.6249999999999636,-8.881784197001252e-16,-8.881784197001252e-16,0.0,-0.7499999999999999
1575,2.62666666666663,-8.881784197001252e-16,-8.881784197001252e-16,0.0,-0.7499999999999999
1576,2.6283333333332966,-8.881784197001252e-16,-8.881784197001252e-16,0.0,-0.7499999999999999
1577,2.629999999999963,-8.881784197001252e-16,-8.881784197001252e-16,0.0,-0.7499999999999999
1578,2.6316666666666295,-8.881784197001252e-16,-8.881784197001252e-16,0.0,-0.7499999999999999
1579,2.633333333333296,-8.881784197001252e-16,-8.881784197001252e-16,0.0,-0.7499999999999999
1580,2.6349999999999625,-8.881784197001252e-16,-8.881784197001252e-16,0.0,-0.7499999999999999
1581,2.636666666666629,-8.881784197001252e-16,-8.881784197001252e-16,0.0,-0.7499999999999999
1582,2.6383333333332954,-8.881784197001252e-16,-8.881784197001252e-16,0.0,-0.7499999999999999
1583,2.639999999999962,-8.881784197001252e-16,-8.881784197001252e-16,0.0,-0.7499999999999999
1584,2.6416666666666284,-8.881784197001252e-16,-8.881784197001252e-16,0.0,-0.7499999999999999
1585,2.643333333333295,-8.881784197001252e-16,-8.881784197001252e-16,0.0,-0.7499999999999999
1586,2.6449999999999614,-8.881784197001252e-16,-8.881784197001252e-16,0.0,-0.7499999999999999
1587,2.646666666666628,-8.881784197001252e-16,-8.881784197001252e-16,0.0,-0.7499999999999999
1588,2.6483333333332943,-8.881784197001252e-16,-8.881784197001252e-16,0.0,-0.7499999999999999
1589,2.649999999999961,-8.881784197001252e-16,-8.881784197001252e-16,0.0,-0.7499999999999999
1590,2.6516666666666273,-8.881784197001252e-16,-8.881784197001252e-16,0.0,-0.7499999999999999
1591,2.653333333333294,-8.881784197001252e-16,-8.881784197001252e-16,0.0,-0.7499999999999999
1592,2.6549999999999603,-8.881784197001252e-16,-8.881784197001252e-16,0.0,-0.7499999999999999
1593,2.6566666666666268,-8.881784197001252e-16,-8.881784197001252e-16,0.0,-0.7499999999999999
1594,2.6583333333332932,-8.881784197001252e-16,-8.881784197001252e-16,0.0,-0.7499999999999999
1595,2.6599999999999597,-8.881784197001252e-16,-8.881784197001252e-16,0.0,-0.7499999999999999
1596,2.661666666666626,-8.881784197001252e-16,-8.881784197001252e-16,0.0,-0.7499999999999999
1597,2.6633333333332927,-8.881784197001252e-16,-8.881784197001252e-16,0.0,-0.7499999999999999
1598,2.664999999999959,-8.881784197001252e-16,-8.881784197001252e-16,0.0,-0.7499999999999999
1599,2.6666666666666257,-8.881784197001252e-16,-8.881784197001252e-16,0.0,-0.7499999999999999
1600,2.668333333333292,-8.881784197001252e-16,-8.881784197001252e-16,0.0,-0.7499999999999999
1601,2.6699999999999586,-8.881784197001252e-16,-8.881784197001252e-16,0.0,-0.7499999999999999
1602,2.671666666666625,-8.881784197001252e-16,-8.881784197001252e-16,0.0,-0.7499999999999999
1603,2.6733333333332916,-8.881784197001252e-16,-8.881784197001252e-16,0.0,-0.7499999999999999
1604,2.674999999999958,-8.881784197001252e-16,-8.881784197001252e-16,0.0,-0.7499999999999999
1605,2.6766666666666246,-8.881784197001252e-16,-8.881784197001252e-16,0.0,-0.7499999999999999
1606,2.678333333333291,-8.881784197001252e-16,-8.881784197001252e-16,0.0,-0.7499999999999999
1607,2.6799999999999575,-8.881784197001252e-16,-8.881784197001252e-16,0.0,-0.7499999999999999
1608,2.681666666666624,-8.881784197001252e-16,-8.881784197001252e-16,0.0,-0.7499999999999999
1609,2.6833333333332905,-8.881784197001252e-16,-8.881784197001252e-16,0.0,-0.7499999999999999
1610,2.684999999999957,-8.881784197001252e-16,-8.881784197001252e-16,0.0,-0.7499999999999999
1611,2.6866666666666235,-8.881784197001252e-16,-8.881784197001252e-16,0.0,-0.7499999999999999
1612,2.68833333333329,-8.881784197001252e-16,-8.881784197001252e-16,0.0,-0.7499999999999999
1613,2.6899999999999564,-8.881784197001252e-16,-8.881784197001252e-16,0.0,-0.7499999999999999
1614,2.691666666666623,-8.881784197001252e-16,-8.881784197001252e-16,0.0,-0.7499999999999999
1615,2.6933333333332894,-8.881784197001252e-16,-8.881784197001252e-16,0.0,-0.7499999999999999
1616,2.694999999999956,-8.881784197001252e-16,-8.881784197001252e-16,0.0,-0.7499999999999999
1617,2.6966666666666224,-8.881784197001252e-16,-8.881784197001252e-16,0.0,-0.7499999999999999
1618,2.698333333333289,-8.881784197001252e-16,-8.881784197001252e-16,0.0,-0.7499999999999999
1619,2.6999999999999553,-8.881784197001252e-16,-8.881784197001252e-16,0.0,-0.7499999999999999
1620,2.701666666666622,-8.881784197001252e-16,-8.881784197001252e-16,0.0,-0.7499999999999999
1621,2.7033333333332883,-8.881784197001252e-16,-8.881784197001252e-16,0.0,-0.7499999999999999
1622,2.7049999999999548,-8.881784197001252e-16,-8.881784197001252e-16,0.0,-0.7499999999999999
1623,2.7066666666666213,-8.881784197001252e-16,-8.881784197001252e-16,0.0,-0.7499999999999999
1624,2.7083333333332877,-8.881784197001252e-16,-8.881784197001252e-16,0.0,-0.7499999999999999
1625,2.7099999999999542,-8.881784197001252e-16,-8.881784197001252e-16,0.0,-0.7499999999999999
1626,2.7116666666666207,-8.881784197001252e-16,-8.881784197001252e-16,0.0,-0.7499999999999999
1627,2.713333333333287,-8.881784197001252e-16,-8.881784197001252e-16,0.0,-0.7499999999999999
1628,2.7149999999999537,-8.881784197001252e-16,-8.881784197001252e-16,0.0,-0.7499999999999999
1629,2.71666666666662,-8.881784197001252e-16,-8.881784197001252e-16,0.0,-0.7499999999999999
1630,2.7183333333332866,-8.881784197001252e-16,-8.881784197001252e-16,0.0,-0.7499999999999999
1631,2.719999999999953,-8.881784197001252e-16,-8.881784197001252e-16,0.0,-0.7499999999999999
1632,2.7216666666666196,-8.881784197001252e-16,-8.881784197001252e-16,0.0,-0.7499999999999999
1633,2.723333333333286,-8.881784197001252e-16,-8.881784197001252e-16,0.0,-0.7499999999999999
1634,2.7249999999999526,-8.881784197001252e-16,-8.881784197001252e-16,0.0,-0.7499999999999999
1635,2.726666666666619,-8.881784197001252e-16,-8.881784197001252e-16,0.0,-0.7499999999999999
1636,2.7283333333332855,-8.881784197001252e-16,-8.881784197001252e-16,0.0,-0.7499999999999999
1637,2.729999999999952,-8.881784197001252e-16,-8.881784197001252e-16,0.0,-0.7499999999999999
1638,2.7316666666666185,-8.881784197001252e-16,-8.881784197001252e-16,0.0,-0.7499999999999999
1639,2.733333333333285,-8.881784197001252e-16,-8.881784197001252e-16,0.0,-0.7499999999999999
1640,2.7349999999999515,-8.881784197001252e-16,-8.881784197001252e-16,0.0,-0.7499999999999999
1641,2.736666666666618,-8.881784197001252e-16,-8.881784197001252e-16,0.0,-0.7499999999999999
1642,2.7383333333332844,-8.881784197001252e-16,-8.881784197001252e-16,0.0,-0.7499999999999999
1643,2.739999999999951,-8.881784197001252e-16,-8.881784197001252e-16,0.0,-0.7499999999999999
1644,2.7416666666666174,-8.881784197001252e-16,-8.881784197001252e-16,0.0,-0.7499999999999999
1645,2.743333333333284,-8.881784197001252e-16,-8.881784197001252e-16,0.0,-0.7499999999999999
1646,2.7449999999999504,-8.881784197001252e-16,-8.881784197001252e-16,0.0,-0.7499999999999999
1647,2.746666666666617,-8.881784197001252e-16,-8.881784197001252e-16,0.0,-0.7499999999999999
1648,2.7483333333332833,-8.881784197001252e-16,-8.881784197001252e-16,0.0,-0.7499999999999999
1649,2.74999999999995,-8.881784197001252e-16,-8.881784197001252e-16,0.0,-0.7499999999999999
1650,2.7516666666666163,-8.881784197001252e-16,-8.881784197001252e-16,0.0,-0.7499999999999999
1651,2.753333333333283,-8.881784197001252e-16,-8.881784197001252e-16,0.0,-0.7499999999999999
1652,2.7549999999999493,-8.881784197001252e-16,-8.881784197001252e-16,0.0,-0.7499999999999999
1653,2.7566666666666158,-8.881784197001252e-16,-8.881784197001252e-16,0.0,-0.7499999999999999
1654,2.7583333333332822,-8.881784197001252e-16,-8.881784197001252e-16,0.0,-0.7499999999999999
1655,2.7599999999999487,-8.881784197001252e-16,-8.881784197001252e-16,0.0,-0.7499999999999999
1656,2.761666666666615,-8.881784197001252e-16,-8.881784197001252e-16,0.0,-0.7499999999999999
1657,2.7633333333332817,-8.881784197001252e-16,-8.881784197001252e-16,0.0,-0.7499999999999999
1658,2.764999999999948,-8.881784197001252e-16,-8.881784197001252e-16,0.0,-0.7499999999999999
1659,2.7666666666666146,-8.881784197001252e-16,-8.881784197001252e-16,0.0,-0.7499999999999999
1660,2.768333333333281,-8.881784197001252e-16,-8.881784197001252e-16,0.0,-0.7499999999999999
1661,2.7699999999999476,-8.881784197001252e-16,-8.881784197001252e-16,0.0,-0.7499999999999999
1662,2.771666666666614,-8.881784197001252e-16,-8.881784197001252e-16,0.0,-0.7499999999999999
1663,2.7733333333332806,-8.881784197001252e-16,-8.881784197001252e-16,0.0,-0.7499999999999999
1664,2.774999999999947,-8.881784197001252e-16,-8.881784197001252e-16,0.0,-0.7499999999999999
1665,2.7766666666666135,-8.881784197001252e-16,-8.881784197001252e-16,0.0,-0.7499999999999999
1666,2.77833333333328,-8.881784197001252e-16,-8.881784197001252e-16,0.0,-0.7499999999999999
1667,2.7799999999999465,-8.881784197001252e-16,-8.881784197001252e-16,0.0,-0.7499999999999999
1668,2.781666666666613,-8.881784197001252e-16,-8.881784197001252e-16,0.0,-0.7499999999999999
1669,2.7833333333332795,-8.881784197001252e-16,-8.881784197001252e-16,0.0,-0.7499999999999999
1670,2.784999999999946,-8.881784197001252e-16,-8.881784197001252e-16,0.0,-0.7499999999999999
1671,2.7866666666666124,-8.881784197001252e-16,-8.881784197001252e-16,0.0,-0.7499999999999999
1672,2.788333333333279,-8.881784197001252e-16,-8.881784197001252e-16,0.0,-0.7499999999999999
1673,2.7899999999999454,-8.881784197001252e-16,-8.881784197001252e-16,0.0,-0.7499999999999999
1674,2.791666666666612,-8.881784197001252e-16,-8.881784197001252e-16,0.0,-0.7499999999999999
1675,2.7933333333332784,-8.881784197001252e-16,-8.881784197001252e-16,0.0,-0.7499999999999999
1676,2.794999999999945,-8.881784197001252e-16,-8.881784197001252e-16,0.0,-0.7499999999999999
1677,2.7966666666666113,-8.881784197001252e-16,-8.881784197001252e-16,0.0,-0.7499999999999999
1678,2.798333333333278,-8.881784197001252e-16,-8.881784197001252e-16,0.0,-0.7499999999999999
1679,2.7999999999999443,-8.881784197001252e-16,-8.881784197001252e-16,0.0,-0.7499999999999999
1680,2.801666666666611,-8.881784197001252e-16,-8.881784197001252e-16,0.0,-0.7499999999999999
1681,2.8033333333332773,-8.881784197001252e-16,-8.881784197001252e-16,0.0,-0.7499999999999999
1682,2.8049999999999438,-8.881784197001252e-16,-8.881784197001252e-16,0.0,-0.7499999999999999
1683,2.8066666666666102,-8.881784197001252e-16,-8.881784197001252e-16,0.0,-0.7499999999999999
1684,2.8083333333332767,-8.881784197001252e-16,-8.881784197001252e-16,0.0,-0.7499999999999999
1685,2.809999999999943,-8.881784197001252e-16,-8.881784197001252e-16,0.0,-0.7499999999999999
1686,2.8116666666666097,-8.881784197001252e-16,-8.881784197001252e-16,0.0,-0.7499999999999999
1687,2.813333333333276,-8.881784197001252e-16,-8.881784197001252e-16,0.0,-0.7499999999999999
1688,2.8149999999999427,-8.881784197001252e-16,-8.881784197001252e-16,0.0,-0.7499999999999999
1689,2.816666666666609,-8.881784197001252e-16,-8.881784197001252e-16,0.0,-0.7499999999999999
1690,2.8183333333332756,-8.881784197001252e-16,-8.881784197001252e-16,0.0,-0.7499999999999999
1691,2.819999999999942,-8.881784197001252e-16,-8.881784197001252e-16,0.0,-0.7499999999999999
1692,2.8216666666666086,-8.881784197001252e-16,-8.881784197001252e-16,0.0,-0.7499999999999999
1693,2.823333333333275,-8.881784197001252e-16,-8.881784197001252e-16,0.0,-0.7499999999999999
1694,2.8249999999999416,-8.881784197001252e-16,-8.881784197001252e-16,0.0,-0.7499999999999999
1695,2.826666666666608,-8.881784197001252e-16,-8.881784197001252e-16,0.0,-0.7499999999999999
1696,2.8283333333332745,-8.881784197001252e-16,-8.881784197001252e-16,0.0,-0.7499999999999999
1697,2.829999999999941,-8.881784197001252e-16,-8.881784197001252e-16,0.0,-0.7499999999999999
1698,2.8316666666666075,-8.881784197001252e-16,-8.881784197001252e-16,0.0,-0.7499999999999999
1699,2.833333333333274,-8.881784197001252e-16,-8.881784197001252e-16,0.0,-0.7499999999999999
1700,2.8349999999999405,-8.881784197001252e-16,-8.881784197001252e-16,0.0,-0.7499999999999999
1701,2.836666666666607,-8.881784197001252e-16,-8.881784197001252e-16,0.0,-0.7499999999999999
1702,2.8383333333332734,-8.881784197001252e-16,-8.881784197001252e-16,0.0,-0.7499999999999999
1703,2.83999999999994,-8.881784197001252e-16,-8.881784197001252e-16,0.0,-0.7499999999999999
1704,2.8416666666666064,-8.881784197001252e-16,-8.881784197001252e-16,0.0,-0.7499999999999999
1705,2.843333333333273,-8.881784197001252e-16,-8.881784197001252e-16,0.0,-0.7499999999999999
1706,2.8449999999999394,-8.881784197001252e-16,-8.881784197001252e-16,0.0,-0.7499999999999999
1707,2.846666666666606,-8.881784197001252e-16,-8.881784197001252e-16,0.0,-0.7499999999999999
1708,2.8483333333332723,-8.881784197001252e-16,-8.881784197001252e-16,0.0,-0.7499999999999999
1709,2.849999999999939,-8.881784197001252e-16,-8.881784197001252e-16,0.0,-0.7499999999999999
1710,2.8516666666666053,-8.881784197001252e-16,-8.881784197001252e-16,0.0,-0.7499999999999999
1711,2.8533333333332718,-8.881784197001252e-16,-8.881784197001252e-16,0.0,-0.7499999999999999
1712,2.8549999999999383,-8.881784197001252e-16,-8.881784197001252e-16,0.0,-0.7499999999999999
1713,2.8566666666666047,-8.881784197001252e-16,-8.881784197001252e-16,0.0,-0.7499999999999999
1714,2.858333333333271,-8.881784197001252e-16,-8.881784197001252e-16,0.0,-0.7499999999999999
1715,2.8599999999999377,-8.881784197001252e-16,-8.881784197001252e-16,0.0,-0.7499999999999999
1716,2.861666666666604,-8.881784197001252e-16,-8.881784197001252e-16,0.0,-0.7499999999999999
1717,2.8633333333332707,-8.881784197001252e-16,-8.881784197001252e-16,0.0,-0.7499999999999999
1718,2.864999999999937,-8.881784197001252e-16,-8.881784197001252e-16,0.0,-0.7499999999999999
1719,2.8666666666666036,-8.881784197001252e-16,-8.881784197001252e-16,0.0,-0.7499999999999999
1720,2.86833333333327,-8.881784197001252e-16,-8.881784197001252e-16,0.0,-0.7499999999999999
1721,2.8699999999999366,-8.881784197001252e-16,-8.881784197001252e-16,0.0,-0.7499999999999999
1722,2.871666666666603,-8.881784197001252e-16,-8.881784197001252e-16,0.0,-0.7499999999999999
1723,2.8733333333332696,-8.881784197001252e-16,-8.881784197001252e-16,0.0,-0.7499999999999999
1724,2.874999999999936,-8.881784197001252e-16,-8.881784197001252e-16,0.0,-0.7499999999999999
1725,2.8766666666666025,-8.881784197001252e-16,-8.881784197001252e-16,0.0,-0.7499999999999999
1726,2.878333333333269,-8.881784197001252e-16,-8.881784197001252e-16,0.0,-0.7499999999999999
1727,2.8799999999999355,-8.881784197001252e-16,-8.881784197001252e-16,0.0,-0.7499999999999999
1728,2.881666666666602,-8.881784197001252e-16,-8.881784197001252e-16,0.0,-0.7499999999999999
1729,2.8833333333332685,-8.881784197001252e-16,-8.881784197001252e-16,0.0,-0.7499999999999999
1730,2.884999999999935,-8.881784197001252e-16,-8.881784197001252e-16,0.0,-0.7499999999999999
1731,2.8866666666666014,-8.881784197001252e-16,-8.881784197001252e-16,0.0,-0.7499999999999999
1732,2.888333333333268,-8.881784197001252e-16,-8.881784197001252e-16,0.0,-0.7499999999999999
1733,2.8899999999999344,-8.881784197001252e-16,-8.881784197001252e-16,0.0,-0.7499999999999999
1734,2.891666666666601,-8.881784197001252e-16,-8.881784197001252e-16,0.0,-0.7499999999999999
1735,2.8933333333332674,-8.881784197001252e-16,-8.881784197001252e-16,0.0,-0.7499999999999999
1736,2.894999999999934,-8.881784197001252e-16,-8.881784197001252e-16,0.0,-0.7499999999999999
1737,2.8966666666666003,-8.881784197001252e-16,-8.881784197001252e-16,0.0,-0.7499999999999999
1738,2.898333333333267,-8.881784197001252e-16,-8.881784197001252e-16,0.0,-0.7499999999999999
1739,2.8999999999999333,-8.881784197001252e-16,-8.881784197001252e-16,0.0,-0.7499999999999999
1740,2.9016666666666,-8.881784197001252e-16,-8.881784197001252e-16,0.0,-0.7499999999999999
1741,2.9033333333332663,-8.881784197001252e-16,-8.881784197001252e-16,0.0,-0.7499999999999999
1742,2.9049999999999327,-8.881784197001252e-16,-8.881784197001252e-16,0.0,-0.7499999999999999
1743,2.9066666666665992,-8.881784197001252e-16,-8.881784197001252e-16,0.0,-0.7499999999999999
1744,2.9083333333332657,-8.881784197001252e-16,-8.881784197001252e-16,0.0,-0.7499999999999999
1745,2.909999999999932,-8.881784197001252e-16,-8.881784197001252e-16,0.0,-0.7499999999999999
1746,2.9116666666665987,-8.881784197001252e-16,-8.881784197001252e-16,0.0,-0.7499999999999999
1747,2.913333333333265,-8.881784197001252e-16,-8.881784197001252e-16,0.0,-0.7499999999999999
1748,2.9149999999999316,-8.881784197001252e-16,-8.881784197001252e-16,0.0,-0.7499999999999999
1749,2.916666666666598,-8.881784197001252e-16,-8.881784197001252e-16,0.0,-0.7499999999999999
1750,2.9183333333332646,-8.881784197001252e-16,-8.881784197001252e-16,0.0,-0.7499999999999999
1751,2.919999999999931,-8.881784197001252e-16,-8.881784197001252e-16,0.0,-0.7499999999999999
1752,2.9216666666665976,-8.881784197001252e-16,-8.881784197001252e-16,0.0,-0.7499999999999999
1753,2.923333333333264,-8.881784197001252e-16,-8.881784197001252e-16,0.0,-0.7499999999999999
1754,2.9249999999999305,-8.881784197001252e-16,-8.881784197001252e-16,0.0,-0.7499999999999999
1755,2.926666666666597,-8.881784197001252e-16,-8.881784197001252e-16,0.0,-0.7499999999999999
1756,2.9283333333332635,-8.881784197001252e-16,-8.881784197001252e-16,0.0,-0.7499999999999999
1757,2.92999999999993,-8.881784197001252e-16,-8.881784197001252e-16,0.0,-0.7499999999999999
1758,2.9316666666665965,-8.881784197001252e-16,-8.881784197001252e-16,0.0,-0.7499999999999999
1759,2.933333333333263,-8.881784197001252e-16,-8.881784197001252e-16,0.0,-0.7499999999999999
1760,2.9349999999999294,-8.881784197001252e-16,-8.881784197001252e-16,0.0,-0.7499999999999999
1761,2.936666666666596,-8.881784197001252e-16,-8.881784197001252e-16,0.0,-0.7499999999999999
1762,2.9383333333332624,-8.881784197001252e-16,-8.881784197001252e-16,0.0,-0.7499999999999999
1763,2.939999999999929,-8.881784197001252e-16,-8.881784197001252e-16,0.0,-0.7499999999999999
1764,2.9416666666665954,-8.881784197001252e-16,-8.881784197001252e-16,0.0,-0.7499999999999999
1765,2.943333333333262,-8.881784197001252e-16,-8.881784197001252e-16,0.0,-0.7499999999999999
1766,2.9449999999999283,-8.881784197001252e-16,-8.881784197001252e-16,0.0,-0.7499999999999999
1767,2.946666666666595,-8.881784197001252e-16,-8.881784197001252e-16,0.0,-0.7499999999999999
1768,2.9483333333332613,-8.881784197001252e-16,-8.881784197001252e-16,0.0,-0.7499999999999999
1769,2.949999999999928,-8.881784197001252e-16,-8.881784197001252e-16,0.0,-0.7499999999999999
1770,2.9516666666665943,-8.881784197001252e-16,-8.881784197001252e-16,0.0,-0.7499999999999999
1771,2.9533333333332608,-8.881784197001252e-16,-8.881784197001252e-16,0.0,-0.7499999999999999
1772,2.9549999999999272,-8.881784197001252e-16,-8.881784197001252e-16,0.0,-0.7499999999999999
1773,2.9566666666665937,-8.881784197001252e-16,-8.881784197001252e-16,0.0,-0.7499999999999999
1774,2.95833333333326,-8.881784197001252e-16,-8.881784197001252e-16,0.0,-0.7499999999999999
1775,2.9599999999999267,-8.881784197001252e-16,-8.881784197001252e-16,0.0,-0.7499999999999999
1776,2.961666666666593,-8.881784197001252e-16,-8.881784197001252e-16,0.0,-0.7499999999999999
1777,2.9633333333332597,-8.881784197001252e-16,-8.881784197001252e-16,0.0,-0.7499999999999999
1778,2.964999999999926,-8.881784197001252e-16,-8.881784197001252e-16,0.0,-0.7499999999999999
1779,2.9666666666665926,-8.881784197001252e-16,-8.881784197001252e-16,0.0,-0.7499999999999999
1780,2.968333333333259,-8.881784197001252e-16,-8.881784197001252e-16,0.0,-0.7499999999999999
1781,2.9699999999999256,-8.881784197001252e-16,-8.881784197001252e-16,0.0,-0.7499999999999999
1782,2.971666666666592,-8.881784197001252e-16,-8.881784197001252e-16,0.0,-0.7499999999999999
1783,2.9733333333332586,-8.881784197001252e-16,-8.881784197001252e-16,0.0,-0.7499999999999999
1784,2.974999999999925,-8.881784197001252e-16,-8.881784197001252e-16,0.0,-0.7499999999999999
1785,2.9766666666665915,-8.881784197001252e-16,-8.881784197001252e-16,0.0,-0.7499999999999999
1786,2.978333333333258,-8.881784197001252e-16,-8.881784197001252e-16,0.0,-0.7499999999999999
1787,2.9799999999999245,-8.881784197001252e-16,-8.881784197001252e-16,0.0,-0.7499999999999999
1788,2.981666666666591,-8.881784197001252e-16,-8.881784197001252e-16,0.0,-0.7499999999999999
1789,2.9833333333332575,-8.881784197001252e-16,-8.881784197001252e-16,0.0,-0.7499999999999999
1790,2.984999999999924,-8.881784197001252e-16,-8.881784197001252e-16,0.0,-0.7499999999999999
1791,2.9866666666665904,-8.881784197001252e-16,-8.881784197001252e-16,0.0,-0.7499999999999999
1792,2.988333333333257,-8.881784197001252e-16,-8.881784197001252e-16,0.0,-0.7499999999999999
1793,2.9899999999999234,-8.881784197001252e-16,-8.881784197001252e-16,0.0,-0.7499999999999999
1794,2.99166666666659,-8.881784197001252e-16,-8.881784197001252e-16,0.0,-0.7499999999999999
1795,2.9933333333332564,-8.881784197001252e-16,-8.881784197001252e-16,0.0,-0.7499999999999999
1796,2.994999999999923,-8.881784197001252e-16,-8.881784197001252e-16,0.0,-0.7499999999999999
1797,2.9966666666665893,-8.881784197001252e-16,-8.881784197001252e-16,0.0,-0.7499999999999999
1798,2.998333333333256,-8.881784197001252e-16,-8.881784197001252e-16,0.0,-0.7499999999999999
1799,2.9999999999999223,-8.881784197001252e-16,-8.881784197001252e-16,0.0,-0.7499999999999999
